10/14/2010 0:00,0,0,24.4,2,1,1.797676,19,39
10/14/2010 0:01,0,0,24.4,2,1,1.797676,19,39
10/14/2010 0:02,0,0,24.4,2,1,1.8135301,18.5,39
10/14/2010 0:03,0,0,24.4,2,1,1.822844,18.5,40
10/14/2010 0:04,0,0,24.4,2,1,1.8279369,18.5,40
10/14/2010 0:05,0,0,24.4,2,1,1.8344771,18,40
10/14/2010 0:06,0,0,24.4,2,1,1.8600509,18,40
10/14/2010 0:07,0,0,24.4,2,1,1.822844,18,43
10/14/2010 0:08,0,0,24.4,2,1,1.818623,18,55
10/14/2010 0:09,0,0,24.4,2,1,1.822844,18.5,58
10/14/2010 0:10,0,0,24.4,2,1,1.8069899,18.5,58
10/14/2010 0:11,0,0,24.4,2,1,1.8135301,19,58
10/14/2010 0:12,0,0,24.4,2,1,1.797676,19.5,57
10/14/2010 0:13,0,0,24.4,2,1,1.791534,20,55
10/14/2010 0:14,0,0,24.4,2,1,1.8069899,20.5,54
10/14/2010 0:15,0,0,24.4,2,1,1.797676,20.5,53
10/14/2010 0:16,0,0,24.4,2,1,1.8135301,21,51
10/14/2010 0:17,0,0,24.4,2,1,1.822844,21,50
10/14/2010 0:18,0,0,24.4,2,1,1.8069899,21,50
10/14/2010 0:19,0,0,24.4,2,1,1.843791,21.5,49
10/14/2010 0:20,0,0,24.4,2,1,1.843791,21.5,48
10/14/2010 0:22,0,0,24.4,2,1,1.8391039,22,47
10/14/2010 0:23,0,0,24.4,2,1,1.8344771,22,44
10/14/2010 0:24,0,0,24.4,2,1,1.850737,22,39
10/14/2010 0:25,0,0,24.4,2,1,1.843791,21.5,38
10/14/2010 0:26,0,0,24.4,2,1,1.8600509,21,38
10/14/2010 0:27,0,0,24.4,2,1,1.822844,20.5,38
10/14/2010 0:28,0,0,24.4,2,1,1.8600509,20,39
10/14/2010 0:29,0,0,24.4,2,1,1.876728,20,39
10/14/2010 0:30,0,0,24.4,2,1,1.843791,19.5,39
10/14/2010 0:31,0,0,24.4,2,1,1.8344771,19,39
10/14/2010 0:32,0,0,24.4,2,1,1.843791,19,39
10/14/2010 0:33,0,0,24.4,2,1,1.8069899,19,40
10/14/2010 0:34,0,0,24.4,2,1,1.822844,18.5,40
10/14/2010 0:35,0,0,24.4,2,1,1.797676,18.5,40
10/14/2010 0:36,0,0,24.4,2,1,1.8069899,18,41
10/14/2010 0:37,0,0,24.4,2,1,1.849422,18,41
10/14/2010 0:38,0,0,24.4,2,1,1.8069899,18,41
10/14/2010 0:39,0,0,24.4,2,1,1.8069899,18,41
10/14/2010 0:40,0,0,24.4,2,1,1.8069899,18,51
10/14/2010 0:41,0,0,24.4,2,1,1.8279369,18,57
10/14/2010 0:42,0,0,24.4,2,1,1.8069899,18.5,59
10/14/2010 0:43,0,0,24.4,2,1,1.8344771,19,59
10/14/2010 0:44,0,0,24.4,2,1,1.818623,19,58
10/14/2010 0:45,0,0,24.4,2,1,1.8069899,19.5,57
10/14/2010 0:46,0,0,24.4,2,1,1.8600509,20,56
10/14/2010 0:47,0,0,24.4,2,1,1.8600509,20,55
10/14/2010 0:48,0,0,24.4,2,1,1.8600509,20.5,54
10/14/2010 0:49,0,0,24.4,2,1,1.8600509,21,52
10/14/2010 0:50,0,0,24.4,2,1,1.8344771,21,51
10/14/2010 0:51,0,0,24.4,2,1,1.843791,21.5,50
10/14/2010 0:52,0,0,24.4,2,1,1.822844,22,50
10/14/2010 0:53,0,0,24.4,2,1,1.822844,22,44
10/14/2010 0:54,0,0,24.4,2,1,1.8069899,21.5,40
10/14/2010 0:55,0,0,24.4,2,1,1.8069899,21,39
10/14/2010 0:56,0,0,24.4,2,1,1.797676,20.5,39
10/14/2010 0:57,0,0,24.4,2,1,1.8069899,20,39
10/14/2010 0:58,0,0,24.4,2,1,1.8600509,20,39
10/14/2010 0:59,0,0,24.4,2,1,1.8069899,19.5,39
10/14/2010 1:00,0,0,24.4,2,1,1.8124809,19,39
10/14/2010 1:01,0,0,24.4,2,1,1.843791,19,39
10/14/2010 1:02,0,0,24.4,2,1,1.8124809,18.5,52
10/14/2010 1:03,0,0,24.4,2,1,1.8600509,19,57
10/14/2010 1:04,0,0,24.4,2,1,1.8135301,19,57
10/14/2010 1:05,0,0,24.4,2,1,1.8069899,19.5,57
10/14/2010 1:06,0,0,24.4,2,1,1.8279369,20,55
10/14/2010 1:07,0,0,24.2,2,1,1.822844,20.5,54
10/14/2010 1:08,0,0,24.2,2,1,1.8600509,20.5,52
10/14/2010 1:09,0,0,24.2,2,1,1.8391039,21,51
10/14/2010 1:10,0,0,24.2,2,1,1.8279369,21.5,50
10/14/2010 1:11,0,0,24.2,2,1,1.791534,21.5,49
10/14/2010 1:12,0,0,24.2,2,1,1.843791,22,48
10/14/2010 1:13,0,0,24.2,2,1,1.8279369,21.5,41
10/14/2010 1:14,0,0,24.2,2,1,1.8069899,21.5,39
10/14/2010 1:15,0,0,24.2,2,1,1.8069899,21,38
10/14/2010 1:16,0,0,24.2,2,1,1.8069899,20.5,39
10/14/2010 1:17,0,0,24.2,2,1,1.822844,20,39
10/14/2010 1:18,0,0,24.2,2,1,1.843791,19.5,39
10/14/2010 1:19,0,0,24.2,2,1,1.8124809,19.5,39
10/14/2010 1:20,0,0,24.2,2,1,1.786567,19,39
10/14/2010 1:21,0,0,24.2,2,1,1.822844,19,40
10/14/2010 1:22,0,0,24.2,2,1,1.822844,19,40
10/14/2010 1:23,0,0,24.2,2,1,1.8600509,18.5,40
10/14/2010 1:24,0,0,24.2,2,1,1.843791,18.5,40
10/14/2010 1:25,0,0,24.2,2,1,1.822844,18.5,40
10/14/2010 1:26,0,0,24.2,2,1,1.8600509,18,48
10/14/2010 1:27,0,0,24.2,2,1,1.8600509,18.5,57
10/14/2010 1:28,0,0,24.2,2,1,1.843791,18.5,58
10/14/2010 1:29,0,0,24.2,2,1,1.8279369,19,59
10/14/2010 1:30,0,0,24.2,2,1,1.791534,19.5,58
10/14/2010 1:31,0,0,24.2,2,1,1.822844,20,57
10/14/2010 1:32,0,0,24.2,2,1,1.8600509,20,55
10/14/2010 1:33,0,0,24.2,2,1,1.8069899,20.5,54
10/14/2010 1:34,0,0,24.2,2,1,1.8069899,21,53
10/14/2010 1:35,0,0,24.2,2,1,1.791534,21,52
10/14/2010 1:36,0,0,24.2,2,1,1.8069899,21.5,51
10/14/2010 1:37,0,0,24.2,2,1,1.8279369,21.5,50
10/14/2010 1:38,0,0,24.2,2,1,1.843791,22,48
10/14/2010 1:39,0,0,24.2,2,1,1.8600509,21.5,41
10/14/2010 1:40,0,0,24.2,2,1,1.8600509,21.5,39
10/14/2010 1:41,0,0,24.2,2,1,1.8600509,21,38
10/14/2010 1:42,0,0,24.2,2,1,1.8069899,20.5,38
10/14/2010 1:43,0,0,24.2,2,1,1.8600509,20,38
10/14/2010 1:44,0,0,24.2,2,1,1.843791,19.5,39
10/14/2010 1:45,0,0,24.2,2,1,1.8600509,19.5,39
10/14/2010 1:46,0,0,24.2,2,1,1.8600509,19,39
10/14/2010 1:47,0,0,24.2,2,1,1.8600509,19,39
10/14/2010 1:48,0,0,24.2,2,1,1.8600509,18.5,39
10/14/2010 1:49,0,0,24.2,2,1,1.8279369,18.5,39
10/14/2010 1:50,0,0,24.2,2,1,1.8069899,18.5,40
10/14/2010 1:51,0,0,24.2,2,1,1.822844,18.5,40
10/14/2010 1:52,0,0,24.2,2,1,1.822844,18,40
10/14/2010 1:53,0,0,24.2,2,1,1.8069899,18,40
10/14/2010 1:54,0,0,24.2,2,1,1.822844,18,53
10/14/2010 1:55,0,0,24.2,2,1,1.8069899,18,59
10/14/2010 1:56,0,0,24.2,2,1,1.822844,18.5,61
10/14/2010 1:57,0,0,24.2,2,1,1.8600509,18.5,61
10/14/2010 1:58,0,0,24.2,2,1,1.822844,19,60
10/14/2010 1:59,0,0,24.2,2,1,1.8600509,19.5,59
10/14/2010 2:00,0,0,24.2,2,1,1.8279369,20,57
10/14/2010 2:01,0,0,24.2,2,1,1.8279369,20.5,56
10/14/2010 2:02,0,0,24.2,2,1,1.8600509,20.5,55
10/14/2010 2:03,0,0,24.2,2,1,1.8600509,21,53
10/14/2010 2:04,0,0,24.2,2,1,1.8600509,21,52
10/14/2010 2:05,0,0,24.2,2,1,1.8600509,21.5,51
10/14/2010 2:06,0,0,24.2,2,1,1.8600509,21.5,51
10/14/2010 2:07,0,0,24.2,2,1,1.8600509,21.5,50
10/14/2010 2:08,0,0,24.2,2,1,1.8135301,22,44
10/14/2010 2:09,0,0,24.2,2,1,1.8135301,21.5,40
10/14/2010 2:11,0,0,24.2,2,1,1.771111,21.5,39
10/14/2010 2:12,0,0,24.2,2,1,1.786567,21,39
10/14/2010 2:13,0,0,24.2,2,1,1.777253,20.5,39
10/14/2010 2:14,0,0,24.2,2,1,1.8069899,20,39
10/14/2010 2:15,0,0,24.2,2,1,1.791534,19.5,39
10/14/2010 2:16,0,0,24.2,2,1,1.797676,19,39
10/14/2010 2:17,0,0,24.2,2,1,1.797676,19,40
10/14/2010 2:18,0,0,24.2,2,1,1.797676,18.5,40
10/14/2010 2:19,0,0,24.2,2,1,1.797676,18.5,40
10/14/2010 2:20,0,0,24.2,2,1,1.797676,18,41
10/14/2010 2:21,0,0,24.2,2,1,1.8069899,18,47
10/14/2010 2:22,0,0,24.2,2,1,1.78222,18,58
10/14/2010 2:23,0,0,24.2,2,1,1.797676,18.5,60
10/14/2010 2:24,0,0,24.2,2,1,1.791534,19,61
10/14/2010 2:25,0,0,24.2,2,1,1.771111,19,60
10/14/2010 2:26,0,0,24.2,2,1,1.8279369,19.5,59
10/14/2010 2:27,0,0,24.2,2,1,1.8344771,20,58
10/14/2010 2:28,0,0,24.2,2,1,1.818623,20,57
10/14/2010 2:29,0,0,24.2,2,1,1.771111,20.5,56
10/14/2010 2:30,0,0,24.2,2,1,1.797676,20.5,55
10/14/2010 2:31,0,0,24.2,2,1,1.7617971,21,55
10/14/2010 2:32,0,0,24.2,2,1,1.797676,21.5,54
10/14/2010 2:33,0,0,24.2,2,1,1.8069899,21.5,53
10/14/2010 2:34,0,0,24.2,2,1,1.78222,21.5,53
10/14/2010 2:35,0,0,24.2,2,1,1.78222,22,52
10/14/2010 2:36,0,0,24.2,2,1,1.797676,22,52
10/14/2010 2:37,0,0,24.2,2,1,1.8279369,22,44
10/14/2010 2:38,0,0,24.2,2,1,1.8069899,21.5,40
10/14/2010 2:39,0,0,24.2,2,1,1.8600509,21.5,40
10/14/2010 2:40,0,0,24.2,2,1,1.797676,21,40
10/14/2010 2:41,0,0,24.2,2,1,1.849422,20.5,40
10/14/2010 2:42,0,0,24.2,2,1,1.822844,20,40
10/14/2010 2:43,0,0,24.2,2,1,1.818623,19.5,40
10/14/2010 2:44,0,0,24.2,2,1,1.8135301,19.5,40
10/14/2010 2:45,0,0,24.2,2,1,1.791534,19,40
10/14/2010 2:46,0,0,24.2,2,1,1.8135301,19,41
10/14/2010 2:47,0,0,24.2,2,1,1.8344771,18.5,41
10/14/2010 2:48,0,0,24.2,2,1,1.8344771,18.5,41
10/14/2010 2:49,0,0,24.2,2,1,1.8135301,18,41
10/14/2010 2:50,0,0,24.2,2,1,1.797676,18.5,56
10/14/2010 2:51,0,0,24.2,2,1,1.818623,18.5,64
10/14/2010 2:52,0,0,24.2,2,1,1.7671491,18.5,66
10/14/2010 2:53,0,0,24.2,2,1,1.786567,19,66
10/14/2010 2:54,0,0,24.2,2,1,1.8069899,19,66
10/14/2010 2:55,0,0,24.2,2,1,1.771111,20,65
10/14/2010 2:56,0,0,24.2,2,1,1.8279369,20,64
10/14/2010 2:57,0,0,24.2,2,1,1.8344771,20.5,62
10/14/2010 2:58,0,0,24.2,2,1,1.797676,21,61
10/14/2010 2:59,0,0,24.2,2,1,1.843791,21,60
10/14/2010 3:00,0,0,24.2,2,1,1.797676,21.5,59
10/14/2010 3:01,0,0,24.2,2,1,1.8069899,22,58
10/14/2010 3:02,0,0,24.2,2,1,1.8600509,22,57
10/14/2010 3:03,0,0,24.2,2,1,1.843791,22,45
10/14/2010 3:04,0,0,24.2,2,1,1.818623,21.5,41
10/14/2010 3:05,0,0,24.2,2,1,1.843791,21,40
10/14/2010 3:06,0,0,24.2,2,1,1.872222,20.5,40
10/14/2010 3:07,0,0,24.2,2,1,1.843791,20.5,40
10/14/2010 3:08,0,0,24.2,2,1,1.8391039,20,40
10/14/2010 3:09,0,0,24.2,2,1,1.797676,19.5,40
10/14/2010 3:10,0,0,24.2,2,1,1.797676,19,40
10/14/2010 3:11,0,0,24,2,1,1.8069899,19,41
10/14/2010 3:12,0,0,24,2,1,1.797676,19,41
10/14/2010 3:13,0,0,24,2,1,1.791534,18.5,41
10/14/2010 3:14,0,0,24,2,1,1.797676,18.5,41
10/14/2010 3:15,0,0,24,2,1,1.791534,18,43
10/14/2010 3:16,0,0,24,2,1,1.849422,18,63
10/14/2010 3:17,0,0,24,2,1,1.843791,18.5,70
10/14/2010 3:18,0,0,24,2,1,1.8279369,18.5,71
10/14/2010 3:19,0,0,24,2,1,1.8279369,19,71
10/14/2010 3:20,0,0,24,2,1,1.8135301,19.5,71
10/14/2010 3:21,0,0,24,2,1,1.850737,20,69
10/14/2010 3:22,0,0,24,2,1,1.791534,20.5,68
10/14/2010 3:23,0,0,24,2,1,1.8344771,21,67
10/14/2010 3:24,0,0,24,2,1,1.822844,21.5,65
10/14/2010 3:25,0,0,24,2,1,1.818623,21.5,64
10/14/2010 3:26,0,0,24,2,1,1.881536,22,62
10/14/2010 3:27,0,0,24,2,1,1.8600509,22,61
10/14/2010 3:28,0,0,24,2,1,1.8279369,22,59
10/14/2010 3:29,0,0,24,2,1,1.818623,22,45
10/14/2010 3:30,0,0,24,2,1,1.822844,22,41
10/14/2010 3:31,0,0,24,2,1,1.822844,21.5,40
10/14/2010 3:32,0,0,24,2,1,1.8069899,21,40
10/14/2010 3:33,0,0,24,2,1,1.8069899,20.5,40
10/14/2010 3:34,0,0,24,2,1,1.791534,20.5,40
10/14/2010 3:35,0,0,24,2,1,1.797676,20,40
10/14/2010 3:36,0,0,24,2,1,1.8279369,19.5,40
10/14/2010 3:37,0,0,24,2,1,1.843791,19,40
10/14/2010 3:38,0,0,24,2,1,1.843791,19,41
10/14/2010 3:39,0,0,24,2,1,1.797676,19,41
10/14/2010 3:40,0,0,24,2,1,1.8069899,18.5,41
10/14/2010 3:41,0,0,24,2,1,1.8600509,18.5,41
10/14/2010 3:42,0,0,24,2,1,1.8344771,18,42
10/14/2010 3:43,0,0,24,2,1,1.8279369,18,49
10/14/2010 3:44,0,0,24,2,1,1.8279369,18,66
10/14/2010 3:45,0,0,24,2,1,1.8344771,18.5,72
10/14/2010 3:46,0,0,24,2,1,1.8652759,19,75
10/14/2010 3:47,0,0,24,2,1,1.881536,19,75
10/14/2010 3:48,0,0,24,2,1,1.797676,19.5,74
10/14/2010 3:49,0,0,24,2,1,1.8652759,20,72
10/14/2010 3:50,0,0,24,2,1,1.791534,20.5,72
10/14/2010 3:51,0,0,24,2,1,1.8069899,21,71
10/14/2010 3:52,0,0,24,2,1,1.8279369,21.5,69
10/14/2010 3:53,0,0,24,2,1,1.8069899,21.5,68
10/14/2010 3:54,0,0,24,2,1,1.791534,22,66
10/14/2010 3:55,0,0,24,2,1,1.822844,22,65
10/14/2010 3:56,0,0,24,2,1,1.8069899,22,52
10/14/2010 3:57,0,0,24,2,1,1.822844,22,44
10/14/2010 3:58,0,0,24,2,1,1.843791,21.5,41
10/14/2010 3:59,0,0,24,2,1,1.8600509,21,40
10/14/2010 4:00,0,0,24,2,1,1.822844,21,40
10/14/2010 4:01,0,0,24,2,1,1.843791,20.5,40
10/14/2010 4:02,0,0,24,2,1,1.8600509,20,40
10/14/2010 4:03,0,0,24,2,1,1.8600509,19.5,40
10/14/2010 4:04,0,0,24,2,1,1.881536,19.5,40
10/14/2010 4:05,0,0,24,2,1,1.843791,19,41
10/14/2010 4:06,0,0,24,2,1,1.8600509,19,41
10/14/2010 4:07,0,0,24,2,1,1.843791,18.5,41
10/14/2010 4:08,0,0,24,2,1,1.8279369,18.5,41
10/14/2010 4:09,0,0,24,2,1,1.822844,18,44
10/14/2010 4:10,0,0,24,2,1,1.797676,18.5,65
10/14/2010 4:11,0,0,24.2,7,2,1.837606,18.5,73
10/14/2010 4:13,0,0,24.4,7,2,1.9077759,19,75
10/14/2010 4:14,0,0,24.4,7,2,1.891516,19,76
10/14/2010 4:15,0,0,24.4,7,2,1.891516,19.5,75
10/14/2010 4:16,0,0,24.4,7,2,1.868916,20,74
10/14/2010 4:17,0,0,24.4,7,2,1.9077759,20.5,72
10/14/2010 4:18,0,0,24.4,7,2,1.930957,21,71
10/14/2010 4:19,0,0,24.4,7,2,1.9077759,21.5,70
10/14/2010 4:20,0,0,24.4,7,2,1.930957,21.5,68
10/14/2010 4:21,0,0,24.4,7,2,1.891516,22,67
10/14/2010 4:22,0,0,24.4,7,2,1.930957,22,66
10/14/2010 4:23,0,0,24.4,7,2,1.9077759,22.5,57
10/14/2010 4:24,0,0,24.4,7,2,1.9077759,22.5,44
10/14/2010 4:25,0,0,24.4,7,2,1.9077759,22,41
10/14/2010 4:26,0,0,24.4,7,2,1.9077759,21.5,40
10/14/2010 4:27,0,0,24.4,7,2,1.947634,21,40
10/14/2010 4:28,0,0,24.4,7,2,1.930957,20.5,40
10/14/2010 4:29,0,0,24.4,7,2,1.9077759,20.5,40
10/14/2010 4:30,0,0,24.4,7,2,1.9077759,20,40
10/14/2010 4:31,0,0,24.4,7,2,1.891516,19.5,40
10/14/2010 4:32,0,0,24.4,7,2,1.868916,19.5,41
10/14/2010 4:33,0,0,24.4,7,2,1.868916,19,41
10/14/2010 4:34,0,0,24.4,7,2,1.885176,19,41
10/14/2010 4:35,0,0,24.4,7,2,1.9077759,18.5,41
10/14/2010 4:36,0,0,24.4,7,2,1.9077759,18.5,49
10/14/2010 4:37,0,0,24.4,7,2,1.9077759,18.5,68
10/14/2010 4:38,0,0,24.4,7,2,1.9077759,18.5,74
10/14/2010 4:39,0,0,24.4,7,2,1.891516,19,77
10/14/2010 4:40,0,0,24.4,7,2,1.868916,19.5,77
10/14/2010 4:41,0,0,24.4,7,2,1.885176,19.5,76
10/14/2010 4:42,0,0,24.4,7,2,1.868916,20,75
10/14/2010 4:43,0,0,24.4,7,2,1.9077759,20.5,73
10/14/2010 4:44,0,0,24.4,7,2,1.9077759,21,71
10/14/2010 4:45,0,0,24.4,7,2,1.930957,21.5,70
10/14/2010 4:46,0,0,24.4,7,2,1.9077759,21.5,69
10/14/2010 4:47,0,0,24.4,7,2,1.924453,22,68
10/14/2010 4:48,0,0,24.4,7,2,1.9077759,22,66
10/14/2010 4:49,0,0,24.4,7,2,1.9077759,22.5,61
10/14/2010 4:50,0,0,24.4,7,2,1.868916,22,47
10/14/2010 4:51,0,0,24.4,7,2,1.924453,22,42
10/14/2010 4:52,0,0,24.4,7,2,1.868916,21.5,41
10/14/2010 4:53,0,0,24.4,7,2,1.891516,21,40
10/14/2010 4:54,0,0,24.4,7,2,1.9077759,20.5,40
10/14/2010 4:55,0,0,24.4,7,2,1.891516,20,40
10/14/2010 4:56,0,0,24.4,7,2,1.9077759,20,41
10/14/2010 4:57,0,0,24.4,7,2,1.9077759,19.5,41
10/14/2010 4:58,0,0,24.4,7,2,1.930957,19,41
10/14/2010 4:59,0,0,24.4,7,2,1.885176,19,41
10/14/2010 5:00,0,0,24.4,7,2,1.9077759,18.5,42
10/14/2010 5:01,0,0,24.4,7,2,1.891516,18.5,42
10/14/2010 5:02,0,0,24.4,7,2,1.930957,18.5,42
10/14/2010 5:03,0,0,24.4,7,2,1.8530619,18,49
10/14/2010 5:04,0,0,24.4,7,2,1.9077759,18.5,69
10/14/2010 5:05,0,0,24.4,7,2,1.930957,18.5,75
10/14/2010 5:06,0,0,24.4,7,2,1.947634,18.5,79
10/14/2010 5:07,0,0,24.4,7,2,1.947634,19,78
10/14/2010 5:08,0,0,24.4,7,2,1.891516,19.5,78
10/14/2010 5:09,0,0,24.4,7,2,1.9077759,20,77
10/14/2010 5:10,0,0,24.4,7,2,1.940038,20.5,75
10/14/2010 5:11,0,0,24.4,7,2,1.9077759,20.5,74
10/14/2010 5:12,0,0,24.4,7,2,1.891516,21,73
10/14/2010 5:13,0,0,24.4,7,2,1.868916,21.5,71
10/14/2010 5:14,0,0,24.4,7,2,1.891516,21.5,70
10/14/2010 5:15,0,0,24.4,7,2,1.891516,22,69
10/14/2010 5:16,0,0,24.4,7,2,1.9077759,22,62
10/14/2010 5:17,0,0,24.4,7,2,1.9077759,22,48
10/14/2010 5:18,0,0,24.4,7,2,1.9077759,21.5,43
10/14/2010 5:19,0,0,24.4,7,2,1.9077759,21.5,41
10/14/2010 5:20,0,0,24.4,7,2,1.924453,21,41
10/14/2010 5:21,0,0,24.4,7,2,1.9077759,20.5,41
10/14/2010 5:22,0,0,24.4,7,2,1.924453,20,41
10/14/2010 5:23,0,0,24.4,7,2,1.9077759,19.5,41
10/14/2010 5:24,0,0,24.4,7,2,1.924453,19,41
10/14/2010 5:25,0,0,24.4,7,2,1.930957,19,41
10/14/2010 5:26,0,0,24.4,7,2,1.930957,19,41
10/14/2010 5:27,0,0,24.4,7,2,1.891516,18.5,42
10/14/2010 5:28,0,0,24.4,7,2,1.9077759,18,42
10/14/2010 5:29,0,0,24.4,7,2,1.8530619,18.5,64
10/14/2010 5:30,0,0,24.4,7,2,1.9077759,18.5,76
10/14/2010 5:31,0,0,24.4,7,2,1.868916,18.5,80
10/14/2010 5:32,0,0,24.4,7,2,1.9077759,19,81
10/14/2010 5:33,0,0,24.4,7,2,1.885176,19.5,80
10/14/2010 5:34,0,0,24.4,7,2,1.9077759,20,79
10/14/2010 5:35,0,0,24.4,7,2,1.9077759,20.5,77
10/14/2010 5:36,0,0,24.4,7,2,1.9077759,20.5,76
10/14/2010 5:37,0,0,24.4,7,2,1.891516,21,75
10/14/2010 5:38,0,0,24.4,7,2,1.9077759,21.5,73
10/14/2010 5:39,0,0,24.4,7,2,1.9077759,21.5,71
10/14/2010 5:40,0,0,24.4,7,2,1.891516,22,71
10/14/2010 5:41,0,0,24.4,7,2,1.9077759,22,56
10/14/2010 5:42,0,0,24.4,7,2,1.885176,22,46
10/14/2010 5:43,0,0,24.4,7,2,1.947634,21.5,43
10/14/2010 5:44,0,0,24.4,7,2,1.947634,21,42
10/14/2010 5:45,0,0,24.4,7,2,1.924453,20.5,41
10/14/2010 5:46,0,0,24.4,7,2,1.947634,20,41
10/14/2010 5:47,0,0,24.4,7,2,1.891516,19.5,42
10/14/2010 5:48,0,0,24.4,7,2,1.9077759,19,42
10/14/2010 5:49,0,0,24.4,7,2,1.868916,19,47
10/14/2010 5:50,0,0,24.4,7,2,1.947634,19,70
10/14/2010 5:51,0,0,24.4,7,2,1.9077759,19,78
10/14/2010 5:52,0,0,24.4,7,2,1.9077759,19.5,80
10/14/2010 5:53,0,0,24.4,7,2,1.9077759,19.5,79
10/14/2010 5:54,0,0,24.4,7,2,1.9077759,20,78
10/14/2010 5:55,0,0,24.4,7,2,1.8530619,20.5,77
10/14/2010 5:56,0,0,24.4,7,2,1.9077759,21,75
10/14/2010 5:57,0,0,24.4,7,2,1.885176,21.5,74
10/14/2010 5:58,0,0,24.4,7,2,1.930957,21.5,72
10/14/2010 5:59,0,0,24.4,7,2,1.947634,22,71
10/14/2010 6:00,0,0,24.4,7,2,1.924453,22,69
10/14/2010 6:01,0,0,24.4,7,2,1.9077759,22,51
10/14/2010 6:03,0,0,24.4,7,2,1.930957,21.5,44
10/14/2010 6:04,0,0,24.4,7,2,1.9077759,21,43
10/14/2010 6:05,0,0,24.4,7,2,1.9077759,20.5,42
10/14/2010 6:06,0,0,24.4,7,2,1.924453,20.5,41
10/14/2010 6:07,0,0,24.4,7,2,1.947634,20,42
10/14/2010 6:08,0,0,24.4,7,2,1.930957,19.5,42
10/14/2010 6:09,0,0,24.4,7,2,1.930957,19.5,42
10/14/2010 6:10,0,0,24.4,7,2,1.9077759,19,42
10/14/2010 6:11,0,0,24.4,7,2,1.9077759,18.5,42
10/14/2010 6:12,0,0,24.4,7,2,1.9077759,18.5,42
10/14/2010 6:13,0,0,24.4,7,2,1.9077759,18.5,43
10/14/2010 6:14,0,0,24.4,7,2,1.868916,18,43
10/14/2010 6:15,0,0,24.4,7,2,1.9077759,18,66
10/14/2010 6:16,0,0,24.4,7,2,1.9077759,18,76
10/14/2010 6:17,0,0,24.4,7,2,1.891516,18.5,80
10/14/2010 6:18,0,0,24.4,7,2,1.930957,19,81
10/14/2010 6:19,0,0,24.4,7,2,1.891516,19,80
10/14/2010 6:20,0,0,24.4,7,2,1.9077759,19.5,79
10/14/2010 6:21,0,0,24.4,7,2,1.9077759,20,77
10/14/2010 6:22,0,0,24.4,7,2,1.9077759,20.5,76
10/14/2010 6:23,0,0,24.4,7,2,1.930957,20.5,74
10/14/2010 6:24,0,0,24.4,7,2,1.930957,21,73
10/14/2010 6:25,0,0,24.4,7,2,1.930957,21.5,71
10/14/2010 6:26,0,0,24.4,7,2,1.947634,21.5,70
10/14/2010 6:27,0,0,24.4,7,2,1.947634,21.5,65
10/14/2010 6:28,0,0,24.4,7,2,1.947634,21.5,50
10/14/2010 6:29,0,0,24.4,7,2,1.9077759,21.5,45
10/14/2010 6:30,0,0,24.4,7,2,1.9077759,21,44
10/14/2010 6:31,0,0,24.4,7,2,1.885176,20,43
10/14/2010 6:32,0,0,24.4,7,2,1.868916,20,43
10/14/2010 6:33,0,0,24.4,7,2,1.9077759,19.5,43
10/14/2010 6:34,0,0,24.4,7,2,1.9077759,19,43
10/14/2010 6:35,0,0,24.4,7,2,1.9077759,19,43
10/14/2010 6:36,0,0,24.4,7,2,1.9077759,18.5,43
10/14/2010 6:37,0,0,24.4,7,2,1.9077759,18.5,43
10/14/2010 6:38,0,0,24.4,7,2,1.9077759,18,43
10/14/2010 6:39,0,0,24.4,7,2,1.9077759,18,68
10/14/2010 6:40,0,0,24.4,7,2,1.9077759,18,78
10/14/2010 6:41,0,0,24.4,7,2,1.9077759,18.5,82
10/14/2010 6:42,0,0,24.4,7,2,1.9077759,19,82
10/14/2010 6:43,0,0,24.4,7,2,1.924453,19,81
10/14/2010 6:44,0,0,24.4,7,2,1.930957,19.5,79
10/14/2010 6:45,0,0,24.4,7,2,1.947634,20,78
10/14/2010 6:46,0,0,24.4,7,2,1.9077759,20.5,76
10/14/2010 6:47,0,0,24.4,7,2,1.9077759,21,75
10/14/2010 6:48,0,0,24.4,7,2,1.930957,21,73
10/14/2010 6:49,0,0,24.4,7,2,1.924453,21.5,72
10/14/2010 6:50,0,0,24.4,7,2,1.9077759,21.5,71
10/14/2010 6:51,0,0,24.4,7,2,1.9077759,22,69
10/14/2010 6:52,0,0,24.4,7,2,1.930957,22,69
10/14/2010 6:53,0,0,24.4,7,2,1.930957,22.5,62
10/14/2010 6:54,0,0,24.4,7,2,1.9077759,22,47
10/14/2010 6:55,0,0,24.4,7,2,1.924453,21.5,44
10/14/2010 6:56,0,0,24.4,7,2,1.930957,21,42
10/14/2010 6:57,0,0,24.4,7,2,1.924453,20.5,42
10/14/2010 6:58,0,0,24.4,7,2,1.930957,20.5,42
10/14/2010 6:59,0,0,24.4,7,2,1.9077759,19.5,42
10/14/2010 7:00,0,0,24.4,7,2,1.9077759,19.5,42
10/14/2010 7:01,0,0,24.4,7,2,1.9077759,19,42
10/14/2010 7:02,0,0,24.4,7,2,1.930957,19,43
10/14/2010 7:03,0,0,24.4,7,2,1.891516,18.5,43
10/14/2010 7:04,0,0,24.4,7,2,1.9168569,18.5,43
10/14/2010 7:05,0,0,24.4,7,2,1.930957,18,43
10/14/2010 7:06,0,0,24.4,7,2,1.947634,18,56
10/14/2010 7:07,0,0,24.4,7,2,1.930957,18,74
10/14/2010 7:08,0,0,24.4,7,2,1.891516,18,81
10/14/2010 7:09,0,0,24.4,7,2,1.9077759,18.5,83
10/14/2010 7:10,0,0,24.4,7,2,1.947634,19,83
10/14/2010 7:11,0,0,24.4,7,2,1.9077759,19,82
10/14/2010 7:12,0,0,24.4,7,2,1.9077759,19.5,80
10/14/2010 7:13,0,0,24.4,7,2,1.9077759,20,79
10/14/2010 7:14,0,0,24.4,7,2,1.891516,20.5,77
10/14/2010 7:15,0,0,24.4,7,2,1.9077759,21,75
10/14/2010 7:16,0,0,24.4,7,2,1.9077759,21,74
10/14/2010 7:17,0,0,24.4,7,2,1.9077759,21.5,73
10/14/2010 7:18,0,0,24.4,7,2,1.947634,21.5,71
10/14/2010 7:19,0,0,24.4,7,2,1.9077759,22,71
10/14/2010 7:20,0,0,24.4,7,2,1.891516,22,69
10/14/2010 7:21,0,0,24.4,7,2,1.9077759,22,53
10/14/2010 7:22,0,0,24.4,7,2,1.891516,22,46
10/14/2010 7:23,0,0,24.4,7,2,1.9077759,21.5,44
10/14/2010 7:24,0,0,24.4,7,2,1.9077759,21,43
10/14/2010 7:25,0,0,24.4,7,2,1.947634,20.5,42
10/14/2010 7:26,0,0,24.4,7,2,1.956715,20,42
10/14/2010 7:27,0,0,24.4,7,2,1.9077759,19.5,42
10/14/2010 7:28,0,0,24.4,7,2,1.9077759,19,43
10/14/2010 7:29,0,0,24.4,7,2,1.868916,19,43
10/14/2010 7:30,0,0,24.4,7,2,1.885176,18.5,43
10/14/2010 7:31,0,0,24.4,7,2,1.891516,18.5,61
10/14/2010 7:32,0,0,24.4,7,2,1.868916,18.5,76
10/14/2010 7:33,0,0,24.4,7,2,1.891516,18.5,81
10/14/2010 7:34,0,0,24.4,7,2,1.9077759,19,82
10/14/2010 7:35,0,0,24.4,7,2,1.9077759,19.5,81
10/14/2010 7:36,0,0,24.4,7,2,1.930957,19.5,79
10/14/2010 7:37,0,0,24.4,7,2,1.9146969,20,78
10/14/2010 7:38,0,0,24.4,7,2,1.9077759,20.5,76
10/14/2010 7:39,0,0,24.4,7,2,1.868916,21,75
10/14/2010 7:40,0,0,24.4,7,2,1.891516,21,73
10/14/2010 7:41,0,0,24.4,7,2,1.947634,21.5,73
10/14/2010 7:42,0,0,24.4,7,2,1.9168569,22,71
10/14/2010 7:43,0,0,24.4,7,2,1.930957,22,70
10/14/2010 7:44,0,0,24.4,7,2,1.885176,22,56
10/14/2010 7:45,0,0,24.4,7,2,1.930957,21.5,48
10/14/2010 7:46,0,0,24.4,7,2,1.891516,21,44
10/14/2010 7:47,0,0,24.4,7,2,1.868916,20.5,43
10/14/2010 7:48,0,0,24.4,7,2,1.891516,20,42
10/14/2010 7:49,0,0,24.4,7,2,1.868916,19.5,42
10/14/2010 7:50,0,0,24.4,7,2,1.9077759,19.5,42
10/14/2010 7:52,0,0,24.4,7,2,1.868916,19,42
10/14/2010 7:53,0,0,24.4,7,2,1.868916,18.5,42
10/14/2010 7:54,0,0,24.4,7,2,1.868916,18.5,43
10/14/2010 7:55,0,0,24.4,7,2,1.9077759,18.5,43
10/14/2010 7:56,0,0,24.4,7,2,1.868916,18,50
10/14/2010 7:57,0,0,24.4,7,2,1.877997,18,71
10/14/2010 7:58,0,0,24.4,7,2,1.9077759,18,80
10/14/2010 7:59,0,0,24.4,7,2,1.9077759,18.5,83
10/14/2010 8:00,0,0,24.4,7,2,1.9077759,19,83
10/14/2010 8:01,0,0,24.4,7,2,1.8530619,19,82
10/14/2010 8:02,0,0,24.4,7,2,1.8530619,19.5,80
10/14/2010 8:03,0,0,24.4,7,2,1.9077759,20,78
10/14/2010 8:04,0,0,24.4,7,2,1.9077759,20.5,77
10/14/2010 8:05,0,0,24.4,7,2,1.930957,21,20.5
10/14/2010 8:06,0,0,24.4,7,2,1.9077759,21,74
10/14/2010 8:07,0,0,24.4,7,2,1.9168569,21.5,21.5
10/14/2010 8:08,0,2,24.4,7,2,1.9168569,21.5,71
10/14/2010 8:09,1,2,24.4,7,2,1.885176,22,70
10/14/2010 8:10,1,2,24.4,7,2,1.900597,22,62
10/14/2010 8:11,1,2,24.4,7,2,1.877997,22,22
10/14/2010 8:12,1,2,24.4,7,2,1.9077759,21.5,46
10/14/2010 8:13,1,2,24.4,7,2,1.885176,21,45
10/14/2010 8:14,1,2,24.4,7,2,1.885176,21,20.5
10/14/2010 8:15,2,2,24.4,7,2,1.885176,20,20.5
10/14/2010 8:16,2,2,24.4,7,2,2.203909,20,0.353997
10/14/2010 8:17,2,2,24.6,7,2,1.9168569,19.5,19.5
10/14/2010 8:18,2,2,24.6,7,2,1.947634,0.353997,19
10/14/2010 8:19,2,2,24.6,7,2,1.930957,18.5,43
10/14/2010 8:20,2,2,24.6,7,2,1.924453,18.5,18.5
10/14/2010 8:21,2,2,24.6,7,2,1.930957,18.5,18.5
10/14/2010 8:22,2,2,24.6,7,2,1.900597,18,43
10/14/2010 8:23,2,2,24.6,7,2,2.184476,0.353997,18
10/14/2010 8:24,2,2,24.6,7,2,2.480609,0.353997,18
10/14/2010 8:25,2,2,24.6,7,2,1.947634,0.353997,18.5
10/14/2010 8:26,2,2,24.6,7,2,2.4643488,0.353997,19
10/14/2010 8:27,2,2,24.6,7,2,1.868916,0.353997,19
10/14/2010 8:28,2,2,24.6,7,2,2.171389,0.353997,0.353997
10/14/2010 8:29,2,2,24.6,7,2,2.220586,0.363078,20
10/14/2010 8:30,2,2,24.6,7,2,2.480609,0.353997,0.353997
10/14/2010 8:31,2,2,24.6,7,2,2.457428,0.353997,20.5
10/14/2010 8:32,2,2,24.6,7,2,2.203909,0.353997,21
10/14/2010 8:33,2,2,24.6,7,2,2.4411678,0.353997,0.353997
10/14/2010 8:34,2,2,24.6,7,2,2.480609,0.353997,0.353997
10/14/2010 8:35,2,2,24.6,7,2,2.4972858,0.353997,22
10/14/2010 8:36,2,2,24.6,7,2,2.2205858,0.353997,22
10/14/2010 8:37,2,2,24.6,7,2,2.4411678,0.353997,22
10/14/2010 8:38,3,2,24.6,7,2,2.710947,0.353997,0.65013
10/14/2010 8:39,3,2,24.6,7,2,88,0.903649,0.903649
10/14/2010 8:40,3,2,24.6,7,2,22.593637,0.903649,0.903649
10/14/2010 8:41,3,2,24.6,7,2,87.92683,0.65013,0.63387
10/14/2010 8:42,3,2,24.6,7,2,43.83048,0.65013,0.65013
10/14/2010 8:43,3,2,24.6,7,2,20.766726,0.65013,43
10/14/2010 8:44,3,2,24.6,7,2,1.956715,0.666807,0.353997
10/14/2010 8:45,3,2,24.6,7,2,2.520467,0.666807,0.353997
10/14/2010 8:46,3,2,24.6,7,2,86.90365,0.666807,0.353997
10/14/2010 8:47,3,2,24.6,7,2,37.353996,0.903649,0.65013
10/14/2010 8:48,3,2,24.6,7,2,1.9077759,0.903649,43
10/14/2010 8:49,3,2,24.6,7,2,82.90365,0.903649,0.92683
10/14/2010 8:50,2,2,24.6,7,2,20.03752,0.903649,0.353997
10/14/2010 8:51,2,2,24.6,7,2,101.13387,0.353997,78
10/14/2010 8:52,3,2,24.6,7,2,20.014917,0.353997,19
10/14/2010 8:53,3,2,24.8,7,2,2.480609,0.353997,19
10/14/2010 8:54,2,2,24.8,7,2,2.50379,0.353997,19.5
10/14/2010 8:55,3,2,24.8,7,2,2.480609,0.353997,19.5
10/14/2010 8:56,2,2,24.8,7,2,2.243767,0.363078,20.5
10/14/2010 8:57,3,2,24.8,7,2,2.4643488,0.363078,20.5
10/14/2010 8:58,2,2,24.8,7,2,76.55378,0.353997,0.363078
10/14/2010 8:59,3,2,24.8,7,2,23.35366,0.65013,0.666807
10/14/2010 9:25,2,2,24.8,7,2,1.9168569,21,73
10/14/2010 9:26,2,2,24.8,7,2,1.956715,21.5,72
10/14/2010 9:27,2,2,24.8,7,2,1.956715,22,71
10/14/2010 9:28,2,2,24.8,7,2,1.9077759,22,70
10/14/2010 9:29,2,2,24.8,7,2,1.894257,22.5,70
10/14/2010 9:30,2,2,24.8,7,2,1.9077759,22.5,60
10/14/2010 9:31,2,2,24.8,7,2,1.7671491,22,49
10/14/2010 9:32,2,2,24.8,7,2,1.7790151,21.5,46
10/14/2010 9:33,2,2,24.8,7,2,1.7524561,21.5,44
10/14/2010 9:34,2,2,24.8,7,2,1.7580681,21,43
10/14/2010 9:35,2,2,24.8,7,2,1.7671491,20,43
10/14/2010 9:36,2,2,24.8,7,2,1.773403,20,42
10/14/2010 9:37,2,2,24.8,7,2,1.764322,19.5,42
10/14/2010 9:38,2,2,24.8,7,2,1.7524561,19.5,42
10/14/2010 9:39,2,2,24.8,7,2,1.7671491,19,42
10/14/2010 9:40,3,2,24.8,7,2,1.7880961,18.5,43
10/14/2010 9:41,3,2,24.8,7,2,1.7524561,18.5,43
10/14/2010 9:42,3,2,24.8,7,2,1.764322,18.5,60
10/14/2010 9:43,3,2,24.8,7,2,1.749996,18.5,76
10/14/2010 9:44,3,2,24.8,7,2,1.773403,18.5,81
10/14/2010 9:45,3,2,24.8,7,2,1.764322,19,83
10/14/2010 9:46,3,2,24.8,7,2,1.7433751,19.5,83
10/14/2010 9:47,3,2,24.8,7,2,1.7671491,20,81
10/14/2010 9:48,3,2,24.8,7,2,1.7880961,20.5,80
10/14/2010 9:49,3,2,24.8,7,2,1.7433751,20.5,79
10/14/2010 9:50,3,2,24.8,7,2,1.7524561,21,77
10/14/2010 9:52,3,2,24.8,7,2,1.9168569,21,76
10/14/2010 9:53,2,2,24.8,7,2,1.82979,21.5,74
10/14/2010 9:54,3,2,24.8,7,2,1.73813,22,73
10/14/2010 9:55,3,2,24.8,7,2,1.73813,22,72
10/14/2010 9:56,3,2,24.8,7,2,1.7524561,22.5,58
10/14/2010 9:57,3,2,24.8,7,2,1.732033,22,49
10/14/2010 9:58,3,2,24.8,7,2,1.918958,21.5,46
10/14/2010 9:59,3,2,24.8,7,2,2.191287,21,44
10/14/2010 10:00,3,2,24.8,7,2,2.1822062,20.5,43
10/14/2010 10:01,4,2,24.8,7,2,2.1822062,20,43
10/14/2010 10:02,4,2,24.8,7,2,2.191287,20,42
10/14/2010 10:03,4,2,24.8,7,2,2.117553,19.5,43
10/14/2010 10:04,4,2,25,7,2,2.136482,19,43
10/14/2010 10:05,4,2,25,7,2,1.916243,19,43
10/14/2010 10:06,4,2,25,7,2,1.7790151,18.5,44
10/14/2010 10:07,4,2,25,7,2,1.7433751,18.5,44
10/14/2010 10:08,4,2,25,7,2,1.7433751,18,44
10/14/2010 10:09,4,2,25,7,2,1.8095809,18,58
10/14/2010 10:10,4,2,24.8,7,2,1.7880961,18,74
10/14/2010 10:11,4,2,25,7,2,1.7433751,18.5,81
10/14/2010 10:12,4,2,25,7,2,2.249526,18.5,83
10/14/2010 10:13,4,2,25,7,2,2.348022,19,83
10/14/2010 10:14,4,2,25,7,2,2.335618,19.5,82
10/14/2010 10:15,4,2,25,7,2,2.348022,20,80
10/14/2010 10:16,4,2,25,7,2,2.326537,20.5,79
10/14/2010 10:17,4,2,25,7,2,2.386218,20.5,77
10/14/2010 10:18,4,2,25,7,2,2.377137,21,75
10/14/2010 10:19,4,2,25,7,2,2.386218,21.5,73
10/14/2010 10:20,4,2,25,7,2,2.3571029,21.5,56
10/14/2010 10:21,3,2,25,7,2,2.335618,21,50
10/14/2010 10:22,3,2,25,7,2,2.348022,20.5,47
10/14/2010 10:23,3,2,24.8,7,2,2.377137,20.5,45
10/14/2010 10:24,3,2,24.8,7,2,2.377137,20,44
10/14/2010 10:25,3,2,24.8,7,2,2.326537,19.5,44
10/14/2010 10:26,3,2,24.8,7,2,2.326537,19.5,44
10/14/2010 10:27,3,2,24.8,7,2,2.348022,19,44
10/14/2010 10:28,3,2,24.8,7,2,2.348022,18.5,44
10/14/2010 10:29,3,2,24.8,7,2,2.377137,18.5,44
10/14/2010 10:30,3,2,24.8,7,2,2.377137,18.5,44
10/14/2010 10:31,3,2,24.8,7,2,2.377137,18,44
10/14/2010 10:32,3,2,24.8,7,2,2.377137,18,44
10/14/2010 10:33,3,2,24.8,7,2,2.326537,18,44
10/14/2010 10:34,3,2,24.8,7,2,2.377137,17.5,45
10/14/2010 10:35,3,2,24.8,7,2,2.399172,17.5,45
10/14/2010 10:36,3,2,24.8,7,2,2.4082532,17.5,45
10/14/2010 10:37,3,2,24.8,7,2,2.377137,17.5,45
10/14/2010 10:38,4,2,25,7,2,2.386218,17,47
10/14/2010 10:39,4,2,25,7,2,2.377137,17,70
10/14/2010 10:40,4,2,25,7,2,2.377137,17.5,80
10/14/2010 10:41,5,2,25,7,2,2.386218,18,84
10/14/2010 10:42,5,2,25,7,2,2.386218,18,85
10/14/2010 10:43,5,2,25,7,2,2.3571029,18.5,85
10/14/2010 10:44,5,2,25,7,2,2.882154,19,83
10/14/2010 10:45,5,2,25,7,2,2.386218,19.5,82
10/14/2010 10:46,5,2,25,7,2,2.377137,20,80
10/14/2010 10:47,5,2,25,7,2,2.348022,20,78
10/14/2010 10:48,5,2,25,7,2,2.348022,20.5,77
10/14/2010 10:49,5,2,25,7,2,2.335618,21,75
10/14/2010 10:50,5,2,25,7,2,2.335618,21,71
10/14/2010 10:51,5,2,25,7,2,2.3571029,21,55
10/14/2010 10:52,5,2,25,7,2,2.377137,21,50
10/14/2010 10:53,4,2,25,7,2,2.348022,20.5,48
10/14/2010 10:54,4,2,25,7,2,2.386218,20,46
10/14/2010 10:55,4,2,25,7,2,2.3647332,19.5,45
10/14/2010 10:56,4,2,25,7,2,2.348022,19.5,45
10/14/2010 10:57,4,2,25,7,2,2.377137,19,44
10/14/2010 10:58,4,2,25,7,2,2.377137,18.5,44
10/14/2010 10:59,4,2,25,7,2,2.429034,18.5,44
10/14/2010 11:00,5,2,25,7,2,2.386218,18.5,44
10/14/2010 11:01,5,2,25,7,2,2.355652,18,44
10/14/2010 11:02,5,2,25,7,2,2.326537,18,45
10/14/2010 11:03,5,2,25,7,2,2.348022,18,45
10/14/2010 11:04,5,2,25,7,2,2.348022,17.5,46
10/14/2010 11:05,5,2,25,7,2,2.348022,17.5,46
10/14/2010 11:06,4,2,25,7,2,2.348022,17.5,46
10/14/2010 11:07,4,2,25,7,2,2.326537,17,56
10/14/2010 11:08,4,2,25,7,2,2.326537,17.5,75
10/14/2010 11:09,4,2,25,7,2,2.326537,17.5,84
10/14/2010 11:10,4,2,25,7,2,2.326537,18,86
10/14/2010 11:11,3,2,25,7,2,2.326537,18.5,86
10/14/2010 11:12,3,2,25,7,2,2.348022,18.5,85
10/14/2010 11:13,3,2,25,7,2,2.326537,19,85
10/14/2010 11:14,3,2,25,7,2,2.277203,19.5,82
10/14/2010 11:15,3,2,25,7,2,2.30559,20,80
10/14/2010 11:16,3,2,25,7,2,2.348022,20.5,78
10/14/2010 11:17,4,2,25,7,2,2.326537,21,77
10/14/2010 11:18,4,2,25,7,2,2.30559,21,73
10/14/2010 11:19,4,2,25,7,2,2.348022,21,57
10/14/2010 11:20,4,2,25,7,2,2.348022,21,51
10/14/2010 11:21,3,2,25,7,2,2.348022,20.5,49
10/14/2010 11:22,3,2,25,7,2,2.348022,20,47
10/14/2010 11:23,3,2,25,7,2,2.377137,19.5,46
10/14/2010 11:24,3,2,25,7,2,2.348022,19.5,45
10/14/2010 11:25,3,2,25,7,2,2.377137,19,45
10/14/2010 11:26,3,2,25,7,2,2.377137,19,44
10/14/2010 11:27,3,2,25,7,2,2.348022,18.5,44
10/14/2010 11:28,3,2,25,7,2,2.348022,18.5,44
10/14/2010 11:29,3,2,25,7,2,2.348022,18,44
10/14/2010 11:30,3,2,25,7,2,2.326537,18,44
10/14/2010 11:31,4,2,25,7,2,2.326537,18,45
10/14/2010 11:32,4,2,25,7,2,2.326537,17.5,45
10/14/2010 11:33,4,2,25,7,2,2.326537,17.5,45
10/14/2010 11:34,4,2,25,7,2,2.377137,17.5,45
10/14/2010 11:35,3,2,25,7,2,2.348022,17.5,45
10/14/2010 11:36,3,2,25,7,2,2.348022,17,46
10/14/2010 11:37,3,2,25,7,2,2.377137,17,63
10/14/2010 11:38,3,2,25,7,2,2.348022,17.5,77
10/14/2010 11:39,3,2,25,7,2,2.348022,17.5,84
10/14/2010 11:40,3,2,25,7,2,2.3571029,18,86
10/14/2010 11:41,4,2,25,7,2,2.326537,18.5,86
10/14/2010 11:42,4,2,25,7,2,2.335618,19,85
10/14/2010 11:43,4,2,25,7,2,2.348022,19,85
10/14/2010 11:44,5,2,25,7,2,2.326537,19.5,82
10/14/2010 11:45,5,2,25,7,2,2.377137,20,80
10/14/2010 11:46,6,2,25,7,2,2.3571029,20.5,78
10/14/2010 11:47,6,2,25,7,2,2.386218,21,77
10/14/2010 11:48,6,2,25,7,2,2.377137,21,75
10/14/2010 11:49,6,2,25.2,7,2,2.399172,21.5,60
10/14/2010 11:50,7,2,25.2,7,2,2.386218,21,52
10/14/2010 11:51,7,2,25.2,7,2,2.377137,20.5,49
10/14/2010 11:52,7,2,25.2,7,2,2.4082532,20,47
10/14/2010 11:53,6,2,25.2,7,2,2.377137,19.5,46
10/14/2010 11:54,6,2,25,7,2,2.399172,19.5,45
10/14/2010 11:55,5,2,25,7,2,2.377137,19,45
10/14/2010 11:56,5,2,25,7,2,2.377137,19,44
10/14/2010 11:57,5,2,25,7,2,2.386218,18.5,45
10/14/2010 11:59,5,2,25,7,2,2.386218,18.5,45
10/14/2010 12:00,6,2,25,7,2,2.377137,18,45
10/14/2010 12:01,6,2,25.2,7,2,2.348022,18,45
10/14/2010 12:02,6,2,25.2,7,2,2.386218,18,46
10/14/2010 12:03,6,2,25.2,7,2,2.386218,17.5,46
10/14/2010 12:04,6,2,25.2,7,2,2.386218,17.5,46
10/14/2010 12:05,6,2,25.2,7,2,2.296737,17.5,46
10/14/2010 12:06,6,2,25.2,7,2,2.326537,17,51
10/14/2010 12:07,6,2,25.2,7,2,2.326537,17,73
10/14/2010 12:08,6,2,25.2,7,2,2.326537,17.5,82
10/14/2010 12:09,6,2,25.2,7,2,2.348022,18,85
10/14/2010 12:10,6,2,25.2,7,2,2.335618,18,86
10/14/2010 12:11,6,2,25.2,7,2,2.348022,18.5,85
10/14/2010 12:12,5,2,25,7,2,2.335618,19,84
10/14/2010 12:13,5,2,25,7,2,2.3647332,19.5,82
10/14/2010 12:14,5,2,25,7,2,2.3571029,19.5,80
10/14/2010 12:15,5,2,25,7,2,2.377137,20,79
10/14/2010 12:16,5,2,25,7,2,2.377137,20.5,77
10/14/2010 12:17,5,2,25,7,2,2.377137,21,75
10/14/2010 12:18,5,2,25,7,2,2.348022,21.5,65
10/14/2010 12:19,5,2,25,7,2,2.3571029,21,54
10/14/2010 12:20,4,2,25,7,2,2.335618,21,50
10/14/2010 12:21,4,2,25,7,2,2.377137,20.5,49
10/14/2010 12:22,4,2,25,7,2,2.348022,20,47
10/14/2010 12:23,4,2,25,7,2,2.326537,19.5,46
10/14/2010 12:24,4,2,25,7,2,2.348022,19.5,45
10/14/2010 12:25,4,2,25,7,2,2.348022,19,45
10/14/2010 12:26,4,2,25,7,2,2.377137,19,45
10/14/2010 12:27,4,2,25,7,2,2.348022,18.5,45
10/14/2010 12:28,4,2,25,7,2,2.326537,18,45
10/14/2010 12:29,4,2,25,7,2,2.326537,18,45
10/14/2010 12:30,4,2,25,7,2,2.326537,18,45
10/14/2010 12:31,4,2,25,7,2,2.326537,17.5,45
10/14/2010 12:32,3,2,25,7,2,2.326537,17.5,46
10/14/2010 12:33,4,2,25,7,2,2.348022,17.5,46
10/14/2010 12:34,4,2,25,7,2,2.348022,17.5,46
10/14/2010 12:35,4,2,25,7,2,2.326537,17.5,46
10/14/2010 12:36,4,2,25,7,2,2.335618,17,62
10/14/2010 12:37,5,2,25,7,2,2.326537,17.5,79
10/14/2010 12:38,5,2,25,7,2,2.335618,18,84
10/14/2010 12:39,5,2,25,7,2,2.348022,18,86
10/14/2010 12:40,6,2,25,7,2,2.326537,18.5,86
10/14/2010 12:41,6,2,25.2,7,2,2.326537,19,85
10/14/2010 12:42,6,2,25.2,7,2,2.326537,19,84
10/14/2010 12:43,6,2,25.2,7,2,2.348022,19.5,82
10/14/2010 12:44,6,2,25.2,7,2,2.348022,20,80
10/14/2010 12:45,6,2,25.2,7,2,2.348022,20.5,78
10/14/2010 12:46,6,2,25.2,7,2,2.348022,21,77
10/14/2010 12:47,6,2,25.2,7,2,2.348022,21,76
10/14/2010 12:48,6,2,25.2,7,2,2.348022,21.5,59
10/14/2010 12:49,6,2,25.2,7,2,2.3571029,21,52
10/14/2010 12:50,6,2,25.2,7,2,2.377137,21,50
10/14/2010 12:51,6,2,25.2,7,2,2.348022,20,48
10/14/2010 12:52,6,2,25.2,7,2,2.319635,19.5,47
10/14/2010 12:53,6,2,25.2,7,2,2.29815,19.5,46
10/14/2010 12:54,6,2,25.2,7,2,2.30559,19,45
10/14/2010 12:55,5,2,25.2,7,2,2.326537,19,45
10/14/2010 12:56,5,2,25.2,7,2,2.277203,18.5,45
10/14/2010 12:57,6,2,25.2,7,2,2.286284,18.5,45
10/14/2010 12:58,6,2,25.2,7,2,2.277203,18,45
10/14/2010 12:59,6,2,25.2,7,2,2.249526,18,45
10/14/2010 13:00,5,2,25.2,7,2,2.277203,18,46
10/14/2010 13:01,5,2,25.2,7,2,2.286284,17.5,46
10/14/2010 13:02,5,2,25.2,7,2,2.277203,17.5,46
10/14/2010 13:03,5,2,25.2,7,2,2.277203,17.5,46
10/14/2010 13:04,5,2,25.2,7,2,2.277203,17,54
10/14/2010 13:05,5,2,25.2,7,2,2.326537,17.5,75
10/14/2010 13:06,5,2,25.2,7,2,2.326537,17.5,83
10/14/2010 13:07,5,2,25.2,7,2,2.326537,18,86
10/14/2010 13:08,5,2,25.2,7,2,2.335618,18.5,87
10/14/2010 13:09,5,2,25.2,7,2,2.335618,19,86
10/14/2010 13:10,5,2,25.2,7,2,2.326537,19,85
10/14/2010 13:11,6,2,25.2,7,2,2.326537,19.5,83
10/14/2010 13:12,6,2,25.2,7,2,2.348022,20,81
10/14/2010 13:13,6,2,25.2,7,2,2.348022,20.5,80
10/14/2010 13:14,6,2,25.2,7,2,2.348022,21,78
10/14/2010 13:15,6,2,25.2,7,2,2.326537,21.5,76
10/14/2010 13:16,6,2,25.2,7,2,2.326537,21.5,59
10/14/2010 13:17,6,2,25.2,7,2,2.326537,21,52
10/14/2010 13:18,6,2,25.2,7,2,2.348022,21,50
10/14/2010 13:19,5,2,25.2,7,2,2.377137,20.5,48
10/14/2010 13:20,5,2,25.2,7,2,2.348022,20,46
10/14/2010 13:21,5,2,25.2,7,2,2.29815,19.5,46
10/14/2010 13:22,5,2,25.2,7,2,2.326537,19,45
10/14/2010 13:23,5,2,25.2,7,2,2.29815,19,45
10/14/2010 13:24,5,2,25.2,7,2,2.289297,18.5,45
10/14/2010 13:25,5,2,25.2,7,2,2.30559,18.5,45
10/14/2010 13:26,5,2,25.2,7,2,2.399172,18.5,45
10/14/2010 13:27,6,2,25.2,7,2,2.399172,18,45
10/14/2010 13:28,6,2,25.2,7,2,2.429034,18,46
10/14/2010 13:29,6,2,25.2,7,2,2.399172,17.5,46
10/14/2010 13:30,6,2,25.2,7,2,2.451634,18,46
10/14/2010 13:31,6,2,25.2,7,2,2.429034,17.5,46
10/14/2010 13:32,7,2,25.2,7,2,2.399172,17.5,46
10/14/2010 13:33,7,2,25.2,7,2,2.529218,17.5,47
10/14/2010 13:34,7,2,25.2,7,2,2.505443,17,47
10/14/2010 13:35,7,2,25.2,7,2,2.505443,17,54
10/14/2010 13:36,7,2,25.2,7,2,2.505443,17.5,74
10/14/2010 13:37,7,2,25.2,7,2,2.451634,17.5,84
10/14/2010 13:38,7,2,25.2,7,2,2.429034,18,87
10/14/2010 13:39,7,2,25.2,7,2,2.29815,18.5,88
10/14/2010 13:40,8,2,25.2,7,2,2.277203,19,87
10/14/2010 13:41,8,2,25.2,7,2,2.277203,19,86
10/14/2010 13:42,8,2,25.2,7,2,2.326537,19.5,84
10/14/2010 13:43,8,2,25.2,7,2,2.348022,20,83
10/14/2010 13:44,8,2,25.2,7,2,2.4082532,20.5,81
10/14/2010 13:45,8,2,25.2,7,2,2.377137,21,79
10/14/2010 13:46,8,2,25.2,7,2,2.377137,21,66
10/14/2010 13:47,8,2,25.2,7,2,2.377137,21,55
10/14/2010 13:49,8,2,25.2,7,2,2.377137,21,52
10/14/2010 13:50,8,2,25.2,7,2,2.348022,20.5,49
10/14/2010 13:51,8,2,25.2,7,2,2.348022,20,47
10/14/2010 13:52,8,2,25.2,7,2,2.326537,19.5,46
10/14/2010 13:53,8,2,25.2,7,2,2.326537,19,45
10/14/2010 13:54,8,2,25.2,7,2,2.29815,19,45
10/14/2010 13:55,8,2,25.2,7,2,2.326537,19,45
10/14/2010 13:56,8,2,25.2,7,2,2.348022,18.5,45
10/14/2010 13:57,8,2,25.2,7,2,2.326537,18.5,45
10/14/2010 13:58,8,2,25.2,7,2,2.348022,18,45
10/14/2010 13:59,8,2,25.2,7,2,2.326537,18,46
10/14/2010 14:00,8,2,25.2,7,2,2.348022,18,46
10/14/2010 14:01,7,2,25.2,7,2,2.348022,18,46
10/14/2010 14:02,7,2,25.2,7,2,2.355652,17.5,47
10/14/2010 14:03,7,2,25.2,7,2,2.326537,17.5,47
10/14/2010 14:04,7,2,25.2,7,2,2.326537,17.5,47
10/14/2010 14:05,8,2,25.2,7,2,2.326537,17.5,47
10/14/2010 14:06,8,2,25.2,7,2,2.326537,17.5,47
10/14/2010 14:07,8,2,25.2,7,2,2.326537,17.5,71
10/14/2010 14:08,8,2,25.2,7,2,2.348022,17.5,82
10/14/2010 14:09,9,2,25.2,7,2,2.348022,18,87
10/14/2010 14:10,10,2,25.4,7,2,2.348022,18.5,89
10/14/2010 14:11,10,2,25.4,7,2,2.348022,18.5,89
10/14/2010 14:12,9,2,25.4,7,2,2.377137,19,88
10/14/2010 14:13,9,2,25.4,7,2,2.348022,19.5,86
10/14/2010 14:14,9,2,25.4,7,2,2.377137,20,85
10/14/2010 14:15,9,2,25.4,7,2,2.348022,20.5,84
10/14/2010 14:16,9,2,25.4,7,2,2.348022,21,75
10/14/2010 14:17,9,2,25.4,7,2,2.377137,21,60
10/14/2010 14:18,10,2,25.4,7,2,2.326537,21,53
10/14/2010 14:19,10,2,25.4,7,2,2.326537,20.5,50
10/14/2010 14:20,10,2,25.4,7,2,2.348022,20.5,47
10/14/2010 14:21,11,2,25.4,7,2,2.348022,20,46
10/14/2010 14:22,11,2,25.4,7,2,2.348022,19.5,46
10/14/2010 14:23,11,2,25.4,7,2,2.348022,19,45
10/14/2010 14:24,11,2,25.4,7,2,2.348022,19,45
10/14/2010 14:25,11,2,25.4,7,2,2.348022,19,45
10/14/2010 14:26,11,2,25.4,7,2,2.326537,18.5,46
10/14/2010 14:27,11,2,25.4,7,2,2.317684,18.5,46
10/14/2010 14:28,11,2,25.4,7,2,2.326537,18.5,46
10/14/2010 14:29,10,2,25.4,7,2,2.326537,18.5,47
10/14/2010 14:30,10,2,25.4,7,2,2.377137,18,47
10/14/2010 14:31,10,2,25.4,7,2,2.377137,18,46
10/14/2010 14:32,11,2,25.4,7,2,2.326537,18,47
10/14/2010 14:33,11,2,25.4,7,2,2.326537,18,46
10/14/2010 14:34,11,2,25.4,7,2,2.317684,18,47
10/14/2010 14:35,12,2,25.4,7,2,2.377137,17.5,46
10/14/2010 14:36,12,2,25.4,7,2,2.377137,17.5,46
10/14/2010 14:37,12,2,25.4,7,2,2.377137,17.5,47
10/14/2010 14:38,12,2,25.4,7,2,2.348022,17.5,47
10/14/2010 14:39,13,2,25.4,7,2,2.326537,17.5,47
10/14/2010 14:40,14,2,25.4,7,2,2.377137,17.5,47
10/14/2010 14:41,14,2,25.4,7,2,2.386218,17.5,47
10/14/2010 14:42,14,2,25.4,7,2,2.355652,17,61
10/14/2010 14:43,14,2,25.4,7,2,2.277203,17.5,77
10/14/2010 14:44,13,2,25.4,7,2,2.348022,18,85
10/14/2010 14:45,12,2,25.4,7,2,2.3647332,18.5,89
10/14/2010 14:46,13,2,25.4,7,2,2.3571029,19,90
10/14/2010 14:47,13,2,25.4,7,2,2.348022,19,91
10/14/2010 14:48,12,2,25.4,7,2,2.377137,20,90
10/14/2010 14:49,12,2,25.4,7,2,2.386218,20.5,89
10/14/2010 14:50,11,2,25.4,7,2,2.386218,21,87
10/14/2010 14:51,10,2,25.4,7,2,2.348022,21,63
10/14/2010 14:52,9,2,25.4,7,2,2.3571029,21,52
10/14/2010 14:53,8,2,25.4,7,2,2.348022,20.5,48
10/14/2010 14:54,8,2,25.4,7,2,2.326537,20,47
10/14/2010 14:55,8,2,25.4,7,2,2.326537,19.5,46
10/14/2010 14:56,8,2,25.4,7,2,2.348022,19.5,46
10/14/2010 14:57,7,2,25.4,7,2,2.348022,19.5,46
10/14/2010 14:58,7,2,25.4,7,2,2.348022,19,46
10/14/2010 14:59,7,2,25.4,7,2,2.326537,19,46
10/14/2010 15:00,7,2,25.4,7,2,2.326537,19,46
10/14/2010 15:01,7,2,25.4,7,2,2.326537,18.5,46
10/14/2010 15:02,7,2,25.4,7,2,2.348022,18.5,46
10/14/2010 15:03,7,2,25.4,7,2,2.377137,18.5,46
10/14/2010 15:04,7,2,25.4,7,2,2.335618,18,46
10/14/2010 15:05,7,2,25.4,7,2,2.30559,18,46
10/14/2010 15:06,7,2,25.4,7,2,2.348022,18,46
10/14/2010 15:07,7,2,25.4,7,2,2.326537,18,46
10/14/2010 15:08,7,2,25.4,7,2,2.326537,18,46
10/14/2010 15:09,7,2,25.4,7,2,2.348022,17.5,46
10/14/2010 15:10,6,2,25.4,7,2,2.348022,17.5,46
10/14/2010 15:11,6,2,25.4,7,2,2.29815,17.5,54
10/14/2010 15:12,6,2,25.4,7,2,2.29815,17.5,74
10/14/2010 15:13,6,2,25.4,7,2,2.29815,18,84
10/14/2010 15:14,6,2,25.4,7,2,2.326537,18.5,87
10/14/2010 15:15,7,2,25.4,7,2,2.326537,19,89
10/14/2010 15:16,7,2,25.4,7,2,2.326537,19,89
10/14/2010 15:17,8,2,25.4,7,2,2.326537,20,89
10/14/2010 15:18,8,2,25.4,7,2,2.326537,20.5,87
10/14/2010 15:19,8,2,25.4,7,2,2.348022,21,86
10/14/2010 15:20,8,2,25.4,7,2,2.348022,21,66
10/14/2010 15:21,8,2,25.4,7,2,2.326537,21,55
10/14/2010 15:22,8,2,25.4,7,2,2.326537,21,48
10/14/2010 15:23,8,2,25.4,7,2,2.326537,20.5,46
10/14/2010 15:24,8,2,25.4,7,2,2.326537,20,45
10/14/2010 15:25,8,2,25.4,7,2,2.326537,19.5,46
10/14/2010 15:26,7,2,25.4,7,2,2.326537,19.5,46
10/14/2010 15:27,7,2,25.4,7,2,2.348022,19,46
10/14/2010 15:28,7,2,25.4,7,2,2.348022,19,46
10/14/2010 15:29,7,2,25.4,7,2,2.377137,19,46
10/14/2010 15:30,6,2,25.4,7,2,2.348022,18.5,46
10/14/2010 15:31,6,2,25.4,7,2,2.348022,18.5,46
10/14/2010 15:32,6,2,25.4,7,2,2.326537,18.5,46
10/14/2010 15:33,6,2,25.4,7,2,2.326537,18.5,46
10/14/2010 15:34,6,2,25.4,7,2,2.348022,18.5,46
10/14/2010 15:35,5,2,25.2,7,2,2.326537,18,46
10/14/2010 15:36,5,2,25.2,7,2,2.29815,18,46
10/14/2010 15:37,5,2,25.2,7,2,2.277203,18,46
10/14/2010 15:38,5,2,25.2,7,2,2.277203,18,46
10/14/2010 15:39,5,2,25.2,7,2,2.277203,18,46
10/14/2010 15:40,4,2,25.2,7,2,2.249526,17.5,47
10/14/2010 15:41,4,2,25.2,7,2,2.277203,18,70
10/14/2010 15:42,4,2,25.2,7,2,2.277203,18,81
10/14/2010 15:43,4,2,25.2,7,2,2.277203,18.5,86
10/14/2010 15:44,4,2,25.2,7,2,2.277203,19,88
10/14/2010 15:45,3,2,25.2,7,2,2.277203,19.5,89
10/14/2010 15:46,3,2,25.2,7,2,2.277203,20,88
10/14/2010 15:47,3,2,25.2,7,2,2.249526,20.5,87
10/14/2010 15:48,3,2,25.2,7,2,2.277203,21,86
10/14/2010 15:49,3,2,25.2,7,2,2.277203,21.5,70
10/14/2010 15:50,3,2,25.2,7,2,2.277203,21,55
10/14/2010 15:51,3,2,25.2,7,2,2.277203,21,48
10/14/2010 15:52,3,2,25.2,7,2,2.277203,20.5,45
10/14/2010 15:54,3,2,25.2,7,2,2.277203,20.5,45
10/14/2010 15:55,3,2,25.2,7,2,2.277203,19.5,45
10/14/2010 15:56,3,2,25.2,7,2,2.277203,19.5,45
10/14/2010 15:57,3,2,25.2,7,2,2.277203,19.5,46
10/14/2010 15:58,3,2,25.2,7,2,2.29815,19,46
10/14/2010 15:59,3,2,25.2,7,2,2.277203,19,46
10/14/2010 16:00,3,2,25.2,7,2,2.29815,18.5,46
10/14/2010 16:01,3,2,25.2,7,2,2.277203,18.5,46
10/14/2010 16:02,3,2,25.2,7,2,2.277203,18.5,46
10/14/2010 16:03,3,2,25.2,7,2,2.277203,18.5,46
10/14/2010 16:04,3,2,25.2,7,2,2.277203,18,46
10/14/2010 16:05,3,2,25.2,7,2,2.277203,18,46
10/14/2010 16:06,3,2,25.2,7,2,2.2567801,18,46
10/14/2010 16:07,2,2,25.2,7,2,2.277203,18,46
10/14/2010 16:08,2,2,25.2,7,2,2.277203,18,66
10/14/2010 16:09,3,2,25.2,7,2,2.277203,18,78
10/14/2010 16:10,3,2,25.2,7,2,2.277203,18.5,85
10/14/2010 16:11,3,2,25.2,7,2,2.277203,19,87
10/14/2010 16:12,3,2,25.2,7,2,2.277203,19.5,88
10/14/2010 16:13,3,2,25.2,7,2,2.277203,20,86
10/14/2010 16:14,3,2,25.2,7,2,2.2567801,20.5,85
10/14/2010 16:15,3,2,25.2,7,2,2.229103,21,84
10/14/2010 16:16,3,2,25.2,7,2,2.277203,21.5,83
10/14/2010 16:17,2,2,25.2,7,2,2.277203,21.5,65
10/14/2010 16:18,2,2,25.2,7,2,2.249526,21.5,53
10/14/2010 16:19,2,2,25.2,7,2,2.29815,21,48
10/14/2010 16:20,2,2,25.2,7,2,2.277203,20.5,45
10/14/2010 16:21,3,2,25.2,7,2,2.30559,20,45
10/14/2010 16:22,2,2,25.2,7,2,2.326537,20,44
10/14/2010 16:23,2,2,25.2,7,2,2.30559,19.5,44
10/14/2010 16:24,2,2,25.2,7,2,2.277203,19.5,44
10/14/2010 16:25,2,2,25.2,7,2,2.277203,19,45
10/14/2010 16:26,1,2,25.2,7,2,2.277203,19,45
10/14/2010 16:27,1,2,25.2,7,2,2.277203,19,46
10/14/2010 16:28,1,2,25.2,7,2,2.277203,18.5,46
10/14/2010 16:29,1,2,25.2,7,2,2.249526,18.5,46
10/14/2010 16:30,1,2,25.2,7,2,2.277203,18.5,46
10/14/2010 16:31,2,2,25.2,7,2,2.277203,18,46
10/14/2010 16:32,2,2,25.2,7,2,2.30559,18,46
10/14/2010 16:33,2,2,25.2,7,2,2.277203,18,46
10/14/2010 16:34,2,2,25.2,7,2,2.277203,18,46
10/14/2010 16:35,2,2,25.2,7,2,2.277203,18,59
10/14/2010 16:36,2,2,25.2,7,2,2.277203,18,75
10/14/2010 16:37,2,2,25.2,7,2,2.277203,18.5,83
10/14/2010 16:38,2,2,25.2,7,2,2.286284,19,86
10/14/2010 16:39,2,2,25.2,7,2,2.286284,19,86
10/14/2010 16:40,1,2,25.2,7,2,2.277203,19.5,87
10/14/2010 16:41,1,2,25.2,7,2,2.277203,20,86
10/14/2010 16:42,1,2,25.2,7,2,2.249526,20.5,85
10/14/2010 16:43,1,2,25,7,2,2.277203,21,21.5
10/14/2010 16:44,1,2,25,7,2,2.286284,21.5,66
10/14/2010 16:45,1,2,25,7,2,2.277203,21.5,53
10/14/2010 16:46,1,2,25,7,2,2.30559,21,48
10/14/2010 16:47,1,2,25,7,2,2.286284,20.5,45
10/14/2010 16:48,1,2,25,7,2,2.286284,20.5,45
10/14/2010 16:49,1,2,25,7,2,2.277203,20,44
10/14/2010 16:50,1,2,25,7,2,2.286284,20,45
10/14/2010 16:51,1,2,25,7,2,2.2567801,19.5,45
10/14/2010 16:52,1,2,25,7,2,2.286284,19,45
10/14/2010 16:53,1,2,25,7,2,2.286284,19,45
10/14/2010 16:54,1,2,25,7,2,2.277203,19,46
10/14/2010 16:55,1,2,25,7,2,2.277203,18.5,46
10/14/2010 16:56,1,2,25,7,2,2.286284,18.5,46
10/14/2010 16:57,1,2,25,7,2,2.277203,18.5,46
10/14/2010 16:58,1,2,25,7,2,2.286284,18,46
10/14/2010 16:59,1,2,25,7,2,2.277203,18,46
10/14/2010 17:00,1,2,25,7,2,2.277203,18,46
10/14/2010 17:01,1,2,25,7,2,2.277203,18,48
10/14/2010 17:02,0,2,25,7,2,2.277203,18,70
10/14/2010 17:03,0,2,25,7,2,2.277203,18,80
10/14/2010 17:04,0,2,25,7,2,2.277203,18.5,85
10/14/2010 17:05,1,2,25,7,2,2.277203,19,87
10/14/2010 17:06,1,2,25,7,2,2.258607,19.5,87
10/14/2010 17:07,1,2,25,7,2,2.249526,20,86
10/14/2010 17:08,1,2,25,7,2,2.277203,20.5,85
10/14/2010 17:09,1,2,25,7,2,2.277203,21,84
10/14/2010 17:10,1,2,25,7,2,2.277203,21.5,80
10/14/2010 17:11,1,2,25,7,2,2.249526,21.5,58
10/14/2010 17:12,1,2,25,7,2,2.249526,21.5,50
10/14/2010 17:13,1,2,25,7,2,2.249526,21,46
10/14/2010 17:14,1,2,25,7,2,2.286284,20.5,45
10/14/2010 17:15,1,2,25,7,2,2.229103,20,44
10/14/2010 17:16,2,2,25,7,2,2.277203,20,44
10/14/2010 17:17,1,2,25,7,2,2.277203,19.5,44
10/14/2010 17:18,1,2,25,7,2,2.277203,19.5,44
10/14/2010 17:19,1,2,25,7,2,2.277203,19,45
10/14/2010 17:20,1,2,25,7,2,2.277203,19,45
10/14/2010 17:21,1,2,25,7,2,2.277203,19,45
10/14/2010 17:22,1,2,25,7,2,2.2567801,18.5,45
10/14/2010 17:23,1,2,25,7,2,2.249526,18.5,46
10/14/2010 17:24,1,2,25,7,2,2.249526,18.5,46
10/14/2010 17:25,1,2,25,7,2,2.2567801,18.5,46
10/14/2010 17:26,1,2,25,7,2,2.277203,18,46
10/14/2010 17:27,1,2,25,7,2,2.277203,18,53
10/14/2010 17:28,0,2,25,7,2,2.277203,18.5,65
10/14/2010 17:29,0,2,25,7,2,2.277203,18.5,79
10/14/2010 17:30,0,2,25,7,2,2.277203,18.5,84
10/14/2010 17:31,0,2,25,7,2,2.277203,19,86
10/14/2010 17:32,0,2,25,7,2,2.277203,19.5,87
10/14/2010 17:33,0,2,25,7,2,2.277203,20,87
10/14/2010 17:34,0,2,25,7,2,2.277203,20.5,85
10/14/2010 17:35,0,2,25,7,2,2.277203,21,84
10/14/2010 17:36,0,2,25,7,2,2.277203,21.5,83
10/14/2010 17:37,0,2,25,7,2,2.277203,21.5,69
10/14/2010 17:38,0,2,25,7,2,2.277203,21.5,55
10/14/2010 17:39,0,2,25,7,2,2.335618,21.5,48
10/14/2010 17:40,0,2,25,7,2,2.326537,21,46
10/14/2010 17:41,0,2,25,7,2,2.277203,20.5,45
10/14/2010 17:42,0,2,25,7,2,2.277203,20,44
10/14/2010 17:43,0,2,25,7,2,2.277203,20,44
10/14/2010 17:44,0,2,25,7,2,2.277203,19.5,44
10/14/2010 17:45,0,2,25,7,2,2.277203,19.5,45
10/14/2010 17:46,0,2,25,7,2,2.277203,19,45
10/14/2010 17:47,0,2,25,7,2,2.277203,19,45
10/14/2010 17:48,0,2,25,7,2,2.277203,19,45
10/14/2010 17:49,0,2,25,7,2,2.265861,18.5,45
10/14/2010 17:50,0,2,25,7,2,2.277203,18.5,45
10/14/2010 17:51,0,2,25,7,2,2.277203,18.5,46
10/14/2010 17:52,0,0,25,7,2,2.286284,18,46
10/14/2010 17:53,0,0,25,7,2,2.277203,18,65
10/14/2010 17:54,0,0,25,7,2,2.277203,18.5,78
10/14/2010 17:55,0,0,25,7,2,2.277203,18.5,81
10/14/2010 17:56,0,0,25,7,2,2.277203,19,86
10/14/2010 17:57,0,0,25,7,2,2.277203,19.5,87
10/14/2010 17:58,0,0,25,7,2,2.277203,20,86
10/14/2010 17:59,0,0,25,7,2,2.277203,20.5,85
10/14/2010 18:01,0,0,25,7,2,2.277203,21,84
10/14/2010 18:02,0,0,25,7,2,2.277203,21.5,82
10/14/2010 18:03,0,0,25,7,2,2.277203,21.5,61
10/14/2010 18:04,0,0,25,7,2,2.29815,21.5,52
10/14/2010 18:05,0,0,25,7,2,2.277203,21,47
10/14/2010 18:06,0,0,25,7,2,2.277203,20.5,45
10/14/2010 18:07,0,0,25,7,2,2.277203,20.5,45
10/14/2010 18:08,0,0,25,7,2,2.277203,20,44
10/14/2010 18:09,0,0,25,7,2,2.277203,19.5,44
10/14/2010 18:10,0,0,25,7,2,2.286284,19.5,44
10/14/2010 18:11,0,0,25,7,2,2.277203,19,44
10/14/2010 18:12,0,0,25,7,2,2.277203,19,45
10/14/2010 18:13,0,0,25,7,2,2.277203,18.5,45
10/14/2010 18:14,0,0,25,7,2,2.277203,18.5,45
10/14/2010 18:15,0,0,25,7,2,2.277203,18.5,46
10/14/2010 18:16,0,0,25,7,2,2.229103,18,46
10/14/2010 18:17,0,0,25,7,2,2.277203,18.5,69
10/14/2010 18:18,0,0,25,7,2,2.229103,18.5,80
10/14/2010 18:19,0,0,25,7,2,2.277203,18.5,85
10/14/2010 18:20,0,0,25,7,2,2.2567801,19,86
10/14/2010 18:21,0,0,25,7,2,2.229103,19.5,86
10/14/2010 18:22,0,0,25,7,2,2.249526,20,86
10/14/2010 18:23,0,0,25,7,2,2.277203,20.5,84
10/14/2010 18:24,0,0,25,7,2,2.277203,21,83
10/14/2010 18:25,0,0,25,7,2,2.277203,21.5,79
10/14/2010 18:26,0,0,25,7,2,2.277203,21.5,60
10/14/2010 18:27,0,0,25,7,2,2.29815,21.5,51
10/14/2010 18:28,0,0,25,7,2,2.277203,21,48
10/14/2010 18:29,0,0,25,7,2,2.29815,20.5,46
10/14/2010 18:30,0,0,25,7,2,2.30559,20,45
10/14/2010 18:31,0,0,25,7,2,2.277203,20,44
10/14/2010 18:32,0,0,25,7,2,2.286284,20,44
10/14/2010 18:33,0,0,25,7,2,2.277203,19.5,44
10/14/2010 18:34,0,0,25,7,2,2.277203,19,44
10/14/2010 18:35,0,0,25,7,2,2.277203,19,45
10/14/2010 18:36,0,0,25,7,2,2.277203,18.5,45
10/14/2010 18:37,0,0,25,7,2,2.277203,18.5,46
10/14/2010 18:38,0,0,25,7,2,2.277203,18.5,46
10/14/2010 18:39,0,0,25,7,2,2.277203,18.5,46
10/14/2010 18:40,0,0,25,7,2,2.277203,18,51
10/14/2010 18:41,0,0,25,7,2,2.277203,18,73
10/14/2010 18:42,0,0,25,7,2,2.286284,18.5,82
10/14/2010 18:43,0,0,25,7,2,2.2567801,19,85
10/14/2010 18:44,0,0,25,7,2,2.277203,19,87
10/14/2010 18:45,0,0,25,7,2,2.2567801,19.5,86
10/14/2010 18:46,0,0,25,7,2,2.277203,20,86
10/14/2010 18:47,0,0,25,7,2,2.277203,20.5,84
10/14/2010 18:48,0,0,25,7,2,2.286284,21,83
10/14/2010 18:49,0,0,25,7,2,2.29815,21,72
10/14/2010 18:50,0,0,25,7,2,2.29815,21.5,56
10/14/2010 18:51,0,0,24.8,7,2,2.29815,21,50
10/14/2010 18:52,0,0,24.8,7,2,2.29815,21,47
10/14/2010 18:53,0,0,24.8,7,2,2.277203,20,45
10/14/2010 18:54,0,0,24.8,7,2,2.277203,20,44
10/14/2010 18:55,0,0,24.8,7,2,2.30559,19.5,44
10/14/2010 18:56,0,0,24.8,7,2,2.277203,19.5,44
10/14/2010 18:57,0,0,24.8,7,2,2.277203,19,44
10/14/2010 18:58,0,0,24.8,7,2,2.277203,19,44
10/14/2010 18:59,0,0,24.8,7,2,2.277203,18.5,44
10/14/2010 19:00,0,0,24.8,7,2,2.277203,18.5,45
10/14/2010 19:01,0,0,24.8,7,2,2.277203,18.5,45
10/14/2010 19:02,0,0,24.8,7,2,2.277203,18,45
10/14/2010 19:03,0,0,24.8,7,2,2.277203,18,46
10/14/2010 19:04,0,0,24.8,7,2,2.2567801,18,64
10/14/2010 19:05,0,0,24.8,7,2,2.229103,18,78
10/14/2010 19:06,0,0,24.8,7,2,2.277203,18.5,84
10/14/2010 19:07,0,0,24.8,7,2,2.277203,18.5,86
10/14/2010 19:08,0,0,24.8,7,2,2.277203,19,87
10/14/2010 19:09,0,0,24.8,7,2,2.30559,19.5,86
10/14/2010 19:10,0,0,24.8,7,2,2.277203,20,85
10/14/2010 19:11,0,0,24.8,7,2,2.29815,20.5,84
10/14/2010 19:12,0,0,24.8,7,2,2.30559,21,83
10/14/2010 19:13,0,0,24.8,7,2,2.277203,21.5,81
10/14/2010 19:14,0,0,24.8,7,2,2.277203,21.5,63
10/14/2010 19:15,0,0,24.8,7,2,2.277203,21.5,53
10/14/2010 19:16,0,0,24.8,7,2,2.29815,21,48
10/14/2010 19:17,0,0,24.8,7,2,2.277203,20.5,46
10/14/2010 19:18,0,0,24.8,7,2,2.277203,20.5,45
10/14/2010 19:19,0,0,24.8,7,2,2.277203,20,45
10/14/2010 19:20,0,0,24.8,7,2,2.277203,19.5,44
10/14/2010 19:21,0,0,24.8,7,2,2.277203,19,44
10/14/2010 19:22,0,0,24.8,7,2,2.277203,19,44
10/14/2010 19:23,0,0,24.8,7,2,2.249526,19,44
10/14/2010 19:24,0,0,24.8,7,2,2.249526,18.5,45
10/14/2010 19:25,0,0,24.8,7,2,2.277203,18.5,45
10/14/2010 19:26,0,0,24.8,7,2,2.277203,18.5,45
10/14/2010 19:27,0,0,24.8,7,2,2.229103,18,49
10/14/2010 19:28,0,0,24.8,7,2,2.229103,18.5,71
10/14/2010 19:29,0,0,24.8,7,2,2.229103,18.5,82
10/14/2010 19:30,0,0,24.8,7,2,2.2567801,19,86
10/14/2010 19:31,0,0,24.8,7,2,2.277203,19,87
10/14/2010 19:32,0,0,24.8,7,2,2.277203,19.5,86
10/14/2010 19:33,0,0,24.8,7,2,2.277203,20,85
10/14/2010 19:34,0,0,24.8,7,2,2.277203,20.5,84
10/14/2010 19:35,0,0,24.8,7,2,2.277203,21,83
10/14/2010 19:36,0,0,24.8,7,2,2.29815,21.5,81
10/14/2010 19:37,0,0,24.8,7,2,2.277203,21.5,62
10/14/2010 19:38,0,0,24.8,7,2,2.29815,21.5,53
10/14/2010 19:39,0,0,24.8,7,2,2.277203,21,48
10/14/2010 19:40,0,0,24.8,7,2,2.277203,20.5,46
10/14/2010 19:41,0,0,24.8,7,2,2.277203,20,45
10/14/2010 19:42,0,0,24.8,7,2,2.277203,19.5,44
10/14/2010 19:43,0,0,24.8,7,2,2.277203,19.5,44
10/14/2010 19:44,0,0,24.8,7,2,2.277203,19.5,44
10/14/2010 19:45,0,0,24.8,7,2,2.277203,19,44
10/14/2010 19:46,0,0,24.8,7,2,2.277203,18.5,44
10/14/2010 19:47,0,0,24.8,7,2,2.277203,18.5,45
10/14/2010 19:48,0,0,24.8,7,2,2.249526,18.5,45
10/14/2010 19:49,0,0,24.8,7,2,2.229103,18,45
10/14/2010 19:50,0,0,24.8,7,2,2.229103,18,63
10/14/2010 19:51,0,0,24.8,7,2,2.229103,18.5,77
10/14/2010 19:52,0,0,24.8,7,2,2.277203,18.5,82
10/14/2010 19:53,0,0,24.8,7,2,2.277203,19,86
10/14/2010 19:54,0,0,24.8,7,2,2.277203,19.5,87
10/14/2010 19:55,0,0,24.8,7,2,2.29815,20,86
10/14/2010 19:56,0,0,24.8,7,2,2.277203,20.5,84
10/14/2010 19:57,0,0,24.8,7,2,2.277203,21,83
10/14/2010 19:58,0,0,24.8,7,2,2.277203,21,82
10/14/2010 19:59,0,0,24.8,7,2,2.326537,21.5,79
10/14/2010 20:00,0,0,24.8,7,2,2.29815,21.5,59
10/14/2010 20:01,0,0,24.8,7,2,2.277203,21.5,52
10/14/2010 20:03,0,0,24.8,7,2,2.277203,21,47
10/14/2010 20:04,0,0,24.8,7,2,2.277203,20.5,45
10/14/2010 20:05,0,0,24.8,7,2,2.277203,20,45
10/14/2010 20:06,0,0,24.8,7,2,2.277203,19.5,44
10/14/2010 20:07,0,0,24.8,7,2,2.277203,19.5,44
10/14/2010 20:08,0,0,24.8,7,2,2.277203,19,44
10/14/2010 20:09,0,0,24.8,7,2,2.277203,19,44
10/14/2010 20:10,0,0,24.8,7,2,2.249526,18.5,44
10/14/2010 20:11,0,0,24.8,7,2,2.277203,18.5,45
10/14/2010 20:12,0,0,24.8,7,2,2.249526,18.5,45
10/14/2010 20:13,0,0,24.8,7,2,2.229103,18.5,58
10/14/2010 20:14,0,0,24.8,7,2,2.229103,18,75
10/14/2010 20:15,0,0,24.8,7,2,2.229103,18.5,83
10/14/2010 20:16,0,0,24.8,7,2,2.2567801,19,86
10/14/2010 20:17,0,0,24.8,7,2,2.277203,19.5,86
10/14/2010 20:18,0,0,24.8,7,2,2.277203,20,86
10/14/2010 20:19,0,0,24.8,7,2,2.277203,20.5,85
10/14/2010 20:20,0,0,24.8,7,2,2.277203,21,83
10/14/2010 20:21,0,0,24.8,7,2,2.30559,21.5,82
10/14/2010 20:22,0,0,24.8,7,2,2.277203,21.5,81
10/14/2010 20:23,0,0,24.8,7,2,2.277203,22,65
10/14/2010 20:24,0,0,24.8,7,2,2.286284,21.5,54
10/14/2010 20:25,0,0,24.8,7,2,2.277203,21.5,50
10/14/2010 20:26,0,0,24.8,7,2,2.277203,21,47
10/14/2010 20:27,0,0,24.8,7,2,2.277203,21,45
10/14/2010 20:28,0,0,24.8,7,2,2.249526,20,45
10/14/2010 20:29,0,0,24.8,7,2,2.2567801,20,44
10/14/2010 20:30,0,0,24.8,7,2,2.229103,19.5,44
10/14/2010 20:31,0,0,24.8,7,2,2.277203,19,44
10/14/2010 20:32,0,0,24.8,7,2,2.229103,19,44
10/14/2010 20:33,0,0,24.8,7,2,2.229103,19,44
10/14/2010 20:34,0,0,24.8,7,2,2.229103,18.5,44
10/14/2010 20:35,0,0,24.8,7,2,2.229103,18.5,44
10/14/2010 20:36,0,0,24.8,7,2,2.249526,18,45
10/14/2010 20:37,0,0,24.8,7,2,2.277203,18,63
10/14/2010 20:38,0,0,24.8,7,2,2.277203,18.5,78
10/14/2010 20:39,0,0,24.8,7,2,2.277203,18.5,84
10/14/2010 20:40,0,0,24.8,7,2,2.229103,19,86
10/14/2010 20:41,0,0,24.8,7,2,2.2567801,19.5,86
10/14/2010 20:42,0,0,24.8,7,2,2.277203,20,85
10/14/2010 20:43,0,0,24.8,7,2,2.277203,20,84
10/14/2010 20:44,0,0,24.8,7,2,2.277203,21,83
10/14/2010 20:45,0,0,24.8,7,2,2.277203,21,81
10/14/2010 20:46,0,0,24.8,7,2,2.326537,21.5,79
10/14/2010 20:47,0,0,24.8,7,2,2.29815,22,65
10/14/2010 20:48,0,0,24.8,7,2,2.29815,22,53
10/14/2010 20:49,0,0,24.8,7,2,2.277203,21.5,48
10/14/2010 20:50,0,0,24.8,7,2,2.277203,21,46
10/14/2010 20:51,0,0,24.8,7,2,2.277203,20.5,45
10/14/2010 20:52,0,0,24.8,7,2,2.2567801,20,44
10/14/2010 20:53,0,0,24.8,7,2,2.229103,19.5,44
10/14/2010 20:54,0,0,24.8,7,2,2.2091908,19.5,44
10/14/2010 20:55,0,0,24.8,7,2,2.202118,19,44
10/14/2010 20:56,0,0,24.8,7,2,2.229103,19,44
10/14/2010 20:57,0,0,24.8,7,2,2.229103,18.5,44
10/14/2010 20:58,0,0,24.8,7,2,2.229103,18.5,45
10/14/2010 20:59,0,0,24.8,7,2,2.229103,18.5,65
10/14/2010 21:00,0,0,24.8,7,2,2.277203,18.5,80
10/14/2010 21:01,0,0,24.8,7,2,2.277203,19,84
10/14/2010 21:02,0,0,24.8,7,2,2.277203,19,86
10/14/2010 21:03,0,0,24.8,7,2,2.249526,19.5,86
10/14/2010 21:04,0,0,24.8,7,2,2.2567801,20,84
10/14/2010 21:05,0,0,24.8,7,2,2.249526,20.5,83
10/14/2010 21:06,0,0,24.8,7,2,2.277203,21,82
10/14/2010 21:07,0,0,24.8,7,2,2.277203,21.5,81
10/14/2010 21:08,0,0,24.8,7,2,2.277203,21.5,76
10/14/2010 21:09,0,0,24.8,7,2,2.326537,21.5,58
10/14/2010 21:10,0,0,24.8,7,2,2.270473,21.5,49
10/14/2010 21:11,0,0,24.8,7,2,2.277203,21,47
10/14/2010 21:12,0,0,24.8,7,2,2.249526,20.5,45
10/14/2010 21:13,0,0,24.8,7,2,2.277203,20,45
10/14/2010 21:14,0,0,24.8,7,2,2.229103,19.5,44
10/14/2010 21:15,0,0,24.8,7,2,2.229103,19.5,44
10/14/2010 21:16,0,0,24.8,7,2,2.229103,19,44
10/14/2010 21:17,0,0,24.8,7,2,2.229103,19,44
10/14/2010 21:18,0,0,24.8,7,2,2.229103,18.5,44
10/14/2010 21:19,0,0,24.8,7,2,2.229103,18.5,45
10/14/2010 21:20,0,0,24.8,7,2,2.229103,18.5,64
10/14/2010 21:21,0,0,24.8,7,2,2.202118,18.5,79
10/14/2010 21:22,0,0,24.8,7,2,2.229103,18.5,19
10/14/2010 21:23,0,0,24.8,7,2,2.229103,19.5,86
10/14/2010 21:24,0,0,24.8,7,2,2.229103,19.5,86
10/14/2010 21:25,0,0,24.8,7,2,2.229103,20,85
10/14/2010 21:26,0,0,24.8,7,2,2.229103,20.5,83
10/14/2010 21:27,0,0,24.8,7,2,2.229103,21,81
10/14/2010 21:28,0,0,24.8,7,2,2.2567801,21.5,80
10/14/2010 21:29,0,0,24.8,7,2,2.249526,22,77
10/14/2010 21:31,0,0,24.8,7,2,2.277203,22,58
10/14/2010 21:32,0,0,24.8,7,2,2.277203,21.5,50
10/14/2010 21:33,0,0,24.8,7,2,2.249526,21,48
10/14/2010 21:34,0,0,24.8,7,2,2.249526,21,45
10/14/2010 21:35,0,0,24.8,7,2,2.249526,20.5,45
10/14/2010 21:36,0,0,24.8,7,2,2.249526,20.5,44
10/14/2010 21:37,0,0,24.8,7,2,2.249526,19.5,44
10/14/2010 21:38,0,0,24.8,7,2,2.229103,19.5,44
10/14/2010 21:39,0,0,24.8,7,2,2.229103,19,44
10/14/2010 21:40,0,0,24.8,7,2,2.229103,19,44
10/14/2010 21:41,0,0,24.8,7,2,2.229103,18.5,44
10/14/2010 21:42,0,0,24.8,7,2,2.229103,18.5,45
10/14/2010 21:43,0,0,24.8,7,2,2.1822062,18.5,70
10/14/2010 21:44,0,0,24.8,7,2,2.202118,19,80
10/14/2010 21:45,0,0,24.8,7,2,2.202118,19,85
10/14/2010 21:46,0,0,24.8,7,2,2.1822062,19.5,85
10/14/2010 21:47,0,0,24.8,7,2,2.202118,20,84
10/14/2010 21:48,0,0,24.8,7,2,2.202118,20.5,82
10/14/2010 21:49,0,0,24.8,7,2,2.249526,20.5,80
10/14/2010 21:50,0,0,24.8,7,2,2.277203,21,78
10/14/2010 21:51,0,0,24.8,7,2,2.277203,21.5,77
10/14/2010 21:52,0,0,24.8,7,2,2.229103,21.5,63
10/14/2010 21:53,0,0,24.8,7,2,2.249526,21.5,53
10/14/2010 21:54,0,0,24.8,7,2,2.249526,21,49
10/14/2010 21:55,0,0,24.8,7,2,2.249526,21,46
10/14/2010 21:56,0,0,24.8,7,2,2.229103,20.5,45
10/14/2010 21:57,0,0,24.8,7,2,2.229103,20,44
10/14/2010 21:58,0,0,24.8,7,2,2.229103,19.5,44
10/14/2010 21:59,0,0,24.8,7,2,2.229103,19,44
10/14/2010 22:00,0,0,24.8,7,2,2.249526,19,44
10/14/2010 22:01,0,0,24.8,7,2,2.229103,19,45
10/14/2010 22:02,0,0,24.8,7,2,2.277203,18.5,69
10/14/2010 22:03,0,0,24.8,7,2,2.277203,19,80
10/14/2010 22:04,0,0,24.8,7,2,2.249526,19,83
10/14/2010 22:05,0,0,24.8,7,2,2.229103,19.5,84
10/14/2010 22:06,0,0,24.8,7,2,2.277203,20,83
10/14/2010 22:07,0,0,24.8,7,2,2.229103,20.5,81
10/14/2010 22:08,0,0,24.8,7,2,2.229103,21,80
10/14/2010 22:09,0,0,24.8,7,2,2.249526,21,78
10/14/2010 22:10,0,0,24.8,7,2,2.229103,21.5,77
10/14/2010 22:11,0,0,24.8,7,2,2.249526,21.5,70
10/14/2010 22:12,0,0,24.8,7,2,2.277203,21.5,56
10/14/2010 22:13,0,0,24.8,7,2,2.277203,21.5,51
10/14/2010 22:14,0,0,24.8,7,2,2.277203,21,48
10/14/2010 22:15,0,0,24.8,7,2,2.277203,20.5,46
10/14/2010 22:16,0,0,24.8,7,2,2.229103,20.5,45
10/14/2010 22:17,0,0,24.8,7,2,2.1822062,20,44
10/14/2010 22:18,0,0,24.8,7,2,2.202118,19.5,44
10/14/2010 22:19,0,0,24.8,7,2,2.229103,19.5,44
10/14/2010 22:20,0,0,24.8,7,2,2.229103,19,45
10/14/2010 22:21,0,0,24.8,7,2,2.229103,18.5,45
10/14/2010 22:22,0,0,24.8,7,2,2.229103,18.5,47
10/14/2010 22:23,0,0,24.8,7,2,2.2567801,18.5,70
10/14/2010 22:24,0,0,24.8,7,2,2.277203,19,80
10/14/2010 22:25,0,0,24.8,7,2,2.277203,19,83
10/14/2010 22:26,0,0,24.8,7,2,2.249526,19.5,85
10/14/2010 22:27,0,0,24.8,7,2,2.249526,20,84
10/14/2010 22:28,0,0,24.8,7,2,2.2567801,20,83
10/14/2010 22:29,0,0,24.8,7,2,2.249526,21,81
10/14/2010 22:30,0,0,24.8,7,2,2.2091908,21,79
10/14/2010 22:31,0,0,24.8,7,2,2.229103,21.5,78
10/14/2010 22:32,0,0,24.8,7,2,2.229103,21.5,64
10/14/2010 22:33,0,0,24.8,7,2,2.229103,21.5,53
10/14/2010 22:34,0,0,24.8,7,2,2.229103,21,48
10/14/2010 22:35,0,0,24.8,7,2,2.229103,21,46
10/14/2010 22:36,0,0,24.8,7,2,2.249526,20.5,45
10/14/2010 22:37,0,0,24.8,7,2,2.2567801,20,45
10/14/2010 22:38,0,0,24.8,7,2,2.229103,19.5,44
10/14/2010 22:39,0,0,24.8,7,2,2.229103,19,44
10/14/2010 22:40,0,0,24.8,7,2,2.202118,19,44
10/14/2010 22:41,0,0,24.8,7,2,2.229103,18.5,44
10/14/2010 22:42,0,0,24.8,7,2,2.277203,18.5,45
10/14/2010 22:43,0,0,24.8,7,2,2.277203,18.5,67
10/14/2010 22:44,0,0,24.8,7,2,2.229103,18.5,79
10/14/2010 22:45,0,0,24.8,7,2,2.277203,19,84
10/14/2010 22:46,0,0,24.8,7,2,2.277203,19,19
10/14/2010 22:47,0,0,24.8,7,2,2.277203,20,83
10/14/2010 22:48,0,0,24.8,7,2,2.277203,20,82
10/14/2010 22:49,0,0,24.8,7,2,2.277203,20.5,80
10/14/2010 22:50,0,0,24.8,7,2,2.277203,20.5,78
10/14/2010 22:51,0,0,24.8,7,2,2.277203,21.5,76
10/14/2010 22:52,0,0,24.8,7,2,2.29815,21.5,75
10/14/2010 22:53,0,0,24.8,7,2,2.29815,22,73
10/14/2010 22:54,0,0,24.8,7,2,2.277203,22,56
10/14/2010 22:55,0,0,24.8,7,2,2.277203,21.5,50
10/14/2010 22:56,0,0,24.8,7,2,2.249526,21,47
10/14/2010 22:57,0,0,24.8,7,2,2.249526,20.5,45
10/14/2010 22:58,0,0,24.8,7,2,2.249526,20.5,45
10/14/2010 22:59,0,0,24.8,7,2,2.229103,19.5,44
10/14/2010 23:00,0,0,24.8,7,2,2.229103,19.5,44
10/14/2010 23:01,0,0,24.8,7,2,2.229103,19,44
10/14/2010 23:02,0,0,24.8,7,2,2.229103,19,46
10/14/2010 23:03,0,0,24.8,7,2,2.277203,19,71
10/14/2010 23:04,0,0,24.8,7,2,2.277203,19,80
10/14/2010 23:05,0,0,24.8,7,2,2.277203,19,82
10/14/2010 23:06,0,0,24.8,7,2,2.249526,19.5,82
10/14/2010 23:07,0,0,24.8,7,2,2.229103,20,80
10/14/2010 23:08,0,0,24.8,7,2,2.2567801,20.5,78
10/14/2010 23:09,0,0,24.8,7,2,2.277203,21,77
10/14/2010 23:10,0,0,24.8,7,2,2.277203,21,75
10/14/2010 23:11,0,0,24.8,7,2,2.249526,21.5,74
10/14/2010 23:12,0,0,24.8,7,2,2.277203,21.5,73
10/14/2010 23:13,0,0,24.8,7,2,2.249526,21.5,58
10/14/2010 23:14,0,0,24.8,7,2,2.249526,21.5,53
10/14/2010 23:15,0,0,24.8,7,2,2.229103,21,49
10/14/2010 23:16,0,0,24.8,7,2,2.29815,20.5,47
10/14/2010 23:17,0,0,24.8,7,2,2.249526,20,45
10/14/2010 23:18,0,0,24.8,7,2,2.229103,20,45
10/14/2010 23:19,0,0,24.8,7,2,2.229103,19.5,44
10/14/2010 23:20,0,0,24.8,7,2,2.2567801,19.5,44
10/14/2010 23:21,0,0,24.8,7,2,2.229103,19,44
10/14/2010 23:22,0,0,24.8,7,2,2.202118,18.5,45
10/14/2010 23:23,0,0,24.8,7,2,2.249526,18.5,66
10/14/2010 23:24,0,0,24.8,7,2,2.277203,18.5,78
10/14/2010 23:25,0,0,24.8,7,2,2.277203,19,83
10/14/2010 23:26,0,0,24.8,7,2,2.277203,19.5,83
10/14/2010 23:27,0,0,24.8,7,2,2.277203,19.5,82
10/14/2010 23:28,0,0,24.8,7,2,2.277203,20,80
10/14/2010 23:29,0,0,24.8,7,2,2.277203,20.5,78
10/14/2010 23:31,0,0,24.8,7,2,2.277203,21,77
10/14/2010 23:32,0,0,24.8,7,2,2.277203,21,76
10/14/2010 23:33,0,0,24.8,7,2,2.277203,21.5,74
10/14/2010 23:34,0,0,24.8,7,2,2.277203,22,62
10/14/2010 23:35,0,0,24.8,7,2,2.326537,21.5,52
10/14/2010 23:36,0,0,24.8,7,2,2.29815,21.5,49
10/14/2010 23:37,0,0,24.8,7,2,2.29815,20.5,47
10/14/2010 23:38,0,0,24.8,7,2,2.277203,20.5,45
10/14/2010 23:39,0,0,24.8,7,2,2.277203,20,44
10/14/2010 23:40,0,0,24.8,7,2,2.277203,19.5,44
10/14/2010 23:41,0,0,24.8,7,2,2.277203,19,44
10/14/2010 23:42,0,0,24.8,7,2,2.277203,19,44
10/14/2010 23:43,0,0,24.8,7,2,2.249526,18.5,48
10/14/2010 23:44,0,0,24.8,7,2,2.229103,18.5,71
10/14/2010 23:45,0,0,24.8,7,2,2.229103,19,81
10/14/2010 23:46,0,0,24.8,7,2,2.229103,19,84
10/14/2010 23:47,0,0,24.8,7,2,2.238184,19.5,84
10/14/2010 23:48,0,0,24.8,7,2,2.277203,20,83
10/14/2010 23:49,0,0,24.8,7,2,2.249526,20.5,81
10/14/2010 23:50,0,0,24.8,7,2,2.277203,20.5,80
10/14/2010 23:51,0,0,24.8,7,2,2.249526,21,78
10/14/2010 23:52,0,0,24.8,7,2,2.277203,21.5,76
10/14/2010 23:53,0,0,24.8,7,2,2.277203,22,68
10/14/2010 23:54,0,0,24.8,7,2,2.277203,22,53
10/14/2010 23:55,0,0,24.8,7,2,2.326537,21.5,49
10/14/2010 23:56,0,0,24.8,7,2,2.29815,21,46
10/14/2010 23:57,0,0,24.8,7,2,2.29815,20.5,45
10/14/2010 23:58,0,0,24.8,7,2,2.277203,20,44
10/14/2010 23:59,0,0,24.8,7,2,2.277203,19.5,44