10/19/2010 0:00,0,0,24.2,2,1,2.004631,19,26
10/19/2010 0:01,0,0,24.2,2,1,2.004631,19,25
10/19/2010 0:02,0,0,24.2,2,1,1.9861759,19.5,25
10/19/2010 0:03,0,0,24.2,2,1,1.9861759,20,25
10/19/2010 0:04,0,0,24.2,2,1,1.9861759,20,25
10/19/2010 0:05,0,0,24.2,2,1,1.982031,20,25
10/19/2010 0:06,0,0,24.2,2,1,1.9861759,20.5,24
10/19/2010 0:07,0,0,24.2,2,1,2.004631,20.5,24
10/19/2010 0:08,0,0,24.2,2,1,2.004631,20.5,24
10/19/2010 0:09,0,0,24.2,2,1,2.004631,21,24
10/19/2010 0:10,0,0,24.2,2,1,2.004631,21,23
10/19/2010 0:11,0,0,24.2,2,1,1.9861759,21,23
10/19/2010 0:12,0,0,24.2,2,1,1.9861759,21,23
10/19/2010 0:13,0,0,24.2,2,1,2.004631,21,23
10/19/2010 0:14,0,0,24.2,2,1,2.004631,21.5,23
10/19/2010 0:15,0,0,24,2,1,2.014479,21.5,23
10/19/2010 0:16,0,0,24,2,1,1.9955499,21.5,23
10/19/2010 0:17,0,0,24,2,1,2.004631,21.5,23
10/19/2010 0:18,0,0,24,2,1,2.004631,21.5,22
10/19/2010 0:19,0,0,24,2,1,2.004631,21.5,23
10/19/2010 0:20,0,0,24,2,1,2.027812,21,23
10/19/2010 0:21,0,0,24,2,1,2.027812,20.5,24
10/19/2010 0:22,0,0,24,2,1,2.004631,19.5,24
10/19/2010 0:23,0,0,24,2,1,2.014479,19,24
10/19/2010 0:24,0,0,24,2,1,2.004631,18.5,26
10/19/2010 0:25,0,0,24,2,1,2.004631,18.5,26
10/19/2010 0:26,0,0,24,2,1,1.9861759,19,26
10/19/2010 0:27,0,0,24,2,1,2.004631,19,25
10/19/2010 0:28,0,0,24,2,1,1.9861759,19.5,25
10/19/2010 0:29,0,0,24,2,1,2.004631,19.5,25
10/19/2010 0:30,0,0,24,2,1,1.9861759,19.5,25
10/19/2010 0:31,0,0,24,2,1,1.9770949,20,25
10/19/2010 0:32,0,0,24,2,1,2.004631,20.5,24
10/19/2010 0:33,0,0,24,2,1,1.9955499,20.5,24
10/19/2010 0:34,0,0,24,2,1,2.0139449,20.5,24
10/19/2010 0:35,0,0,24,2,1,1.9861759,20.5,24
10/19/2010 0:36,0,0,24,2,1,2.004631,21,23
10/19/2010 0:37,0,0,24,2,1,1.982031,21,23
10/19/2010 0:38,0,0,24,2,1,2.004631,21,23
10/19/2010 0:39,0,0,24,2,1,2.004631,21,23
10/19/2010 0:40,0,0,24,2,1,1.9955499,21.5,23
10/19/2010 0:41,0,0,24,2,1,2.004631,21.5,23
10/19/2010 0:42,0,0,24,2,1,1.9955499,21.5,23
10/19/2010 0:43,0,0,24,2,1,2.02356,21.5,23
10/19/2010 0:44,0,0,24,2,1,2.027812,21.5,23
10/19/2010 0:45,0,0,24,2,1,2.0376601,21.5,22
10/19/2010 0:46,0,0,24,2,1,2.027812,22,22
10/19/2010 0:47,0,0,24,2,1,2.0376601,21.5,22
10/19/2010 0:48,0,0,24,2,1,2.004631,21,23
10/19/2010 0:49,0,0,24,2,1,2.0376601,20.5,23
10/19/2010 0:50,0,0,24,2,1,2.018731,20,24
10/19/2010 0:51,0,0,24,2,1,2.004631,19.5,24
10/19/2010 0:52,0,0,24,2,1,2.02356,19,24
10/19/2010 0:53,0,0,24,2,1,2.027812,18.5,26
10/19/2010 0:54,0,0,24,2,1,2.004631,18.5,26
10/19/2010 0:55,0,0,24,2,1,2.02356,19,26
10/19/2010 0:57,0,0,24,2,1,2.004631,19,26
10/19/2010 0:58,0,0,24,2,1,2.014479,19.5,25
10/19/2010 0:59,0,0,24,2,1,2.004631,19.5,25
10/19/2010 1:00,0,0,24,2,1,2.004631,19.5,25
10/19/2010 1:01,0,0,24,2,1,2.004631,20,25
10/19/2010 1:02,0,0,24,2,1,2.004631,20,24
10/19/2010 1:03,0,0,24,2,1,2.027812,20.5,24
10/19/2010 1:04,0,0,24,2,1,2.046741,20.5,24
10/19/2010 1:05,0,0,24,2,1,1.9955499,20.5,24
10/19/2010 1:06,0,0,24,2,1,2.004631,21,23
10/19/2010 1:07,0,0,24,2,1,2.027812,21,23
10/19/2010 1:08,0,0,24,2,1,2.046741,21,23
10/19/2010 1:09,0,0,24,2,1,2.046741,21,23
10/19/2010 1:10,0,0,24,2,1,2.027812,21.5,23
10/19/2010 1:11,0,0,24,2,1,2.046741,21.5,23
10/19/2010 1:12,0,0,24,2,1,2.075469,21.5,23
10/19/2010 1:13,0,0,24,2,1,2.046741,21.5,23
10/19/2010 1:14,0,0,24,2,1,2.046741,21.5,23
10/19/2010 1:15,0,0,24.2,7,2,2.29815,21.5,22
10/19/2010 1:16,0,0,24.4,7,2,2.29815,21,23
10/19/2010 1:17,0,0,24.4,7,2,2.277203,20.5,23
10/19/2010 1:18,0,0,24.4,7,2,2.277203,20,24
10/19/2010 1:19,0,0,24.4,7,2,2.2567801,19.5,24
10/19/2010 1:20,0,0,24.4,7,2,2.249526,19,24
10/19/2010 1:21,0,0,24.4,7,2,2.238184,18.5,26
10/19/2010 1:22,0,0,24.4,7,2,2.229103,18.5,27
10/19/2010 1:23,0,0,24.4,7,2,2.229103,18.5,26
10/19/2010 1:24,0,0,24.4,7,2,2.229103,19,26
10/19/2010 1:25,0,0,24.4,7,2,2.229103,19,25
10/19/2010 1:26,0,0,24.4,7,2,2.229103,19.5,25
10/19/2010 1:27,0,0,24.4,7,2,2.229103,19.5,25
10/19/2010 1:28,0,0,24.4,7,2,2.229103,20,25
10/19/2010 1:29,0,0,24.4,7,2,2.229103,20,25
10/19/2010 1:30,0,0,24.4,7,2,2.249526,20.5,24
10/19/2010 1:31,0,0,24.4,7,2,2.229103,20.5,24
10/19/2010 1:32,0,0,24.4,7,2,2.229103,20.5,24
10/19/2010 1:33,0,0,24.4,7,2,2.249526,20.5,24
10/19/2010 1:34,0,0,24.4,7,2,2.249526,21,23
10/19/2010 1:35,0,0,24.4,7,2,2.277203,21,23
10/19/2010 1:36,0,0,24.4,7,2,2.277203,21,23
10/19/2010 1:37,0,0,24.4,7,2,2.277203,21,23
10/19/2010 1:38,0,0,24.4,7,2,2.277203,21.5,23
10/19/2010 1:39,0,0,24.4,7,2,2.277203,21.5,23
10/19/2010 1:40,0,0,24.4,7,2,2.277203,21.5,23
10/19/2010 1:41,0,0,24.4,7,2,2.277203,21.5,23
10/19/2010 1:42,0,0,24.4,7,2,2.249526,21.5,23
10/19/2010 1:43,0,0,24.4,7,2,2.249526,22,22
10/19/2010 1:44,0,0,24.4,7,2,2.277203,22,22
10/19/2010 1:45,0,0,24.4,7,2,2.238184,22,22
10/19/2010 1:46,0,0,24.4,7,2,2.229103,21.5,22
10/19/2010 1:47,0,0,24.4,7,2,2.249526,21,23
10/19/2010 1:48,0,0,24.4,7,2,2.229103,20,23
10/19/2010 1:49,0,0,24.4,7,2,2.277203,19.5,24
10/19/2010 1:50,0,0,24.4,7,2,2.249526,19,24
10/19/2010 1:51,0,0,24.4,7,2,2.2567801,18.5,25
10/19/2010 1:52,0,0,24.4,7,2,2.277203,18.5,26
10/19/2010 1:53,0,0,24.4,7,2,2.277203,18.5,26
10/19/2010 1:54,0,0,24.4,7,2,2.249526,19,26
10/19/2010 1:55,0,0,24.4,7,2,2.229103,19,25
10/19/2010 1:56,0,0,24.4,7,2,2.229103,19,25
10/19/2010 1:57,0,0,24.4,7,2,2.277203,19.5,25
10/19/2010 1:58,0,0,24.4,7,2,2.277203,19.5,25
10/19/2010 1:59,0,0,24.4,7,2,2.286284,20,25
10/19/2010 2:00,0,0,24.4,7,2,2.277203,20,24
10/19/2010 2:01,0,0,24.4,7,2,2.277203,20,24
10/19/2010 2:02,0,0,24.4,7,2,2.2567801,20,24
10/19/2010 2:03,0,0,24.4,7,2,2.2567801,20.5,24
10/19/2010 2:04,0,0,24.4,7,2,2.249526,20.5,23
10/19/2010 2:05,0,0,24.4,7,2,2.277203,21,23
10/19/2010 2:06,0,0,24.4,7,2,2.229103,21,23
10/19/2010 2:07,0,0,24.4,7,2,2.277203,21,23
10/19/2010 2:08,0,0,24.4,7,2,2.229103,21,23
10/19/2010 2:09,0,0,24.4,7,2,2.229103,21,23
10/19/2010 2:10,0,0,24.4,7,2,2.249526,21,23
10/19/2010 2:11,0,0,24.4,7,2,2.249526,21.5,23
10/19/2010 2:12,0,0,24.4,7,2,2.286284,21.5,23
10/19/2010 2:13,0,0,24.4,7,2,2.277203,21.5,23
10/19/2010 2:14,0,0,24.4,7,2,2.249526,21.5,22
10/19/2010 2:15,0,0,24.4,7,2,2.277203,21.5,22
10/19/2010 2:16,0,0,24.4,7,2,2.277203,21.5,22
10/19/2010 2:17,0,0,24.4,7,2,2.277203,21.5,22
10/19/2010 2:18,0,0,24.4,7,2,2.277203,21.5,22
10/19/2010 2:19,0,0,24.4,7,2,2.277203,22,22
10/19/2010 2:20,0,0,24.4,7,2,2.277203,21.5,22
10/19/2010 2:21,0,0,24.4,7,2,2.277203,21,22
10/19/2010 2:22,0,0,24.4,7,2,2.249526,20.5,22
10/19/2010 2:23,0,0,24.4,7,2,2.277203,20,23
10/19/2010 2:24,0,0,24.4,7,2,2.2567801,19.5,24
10/19/2010 2:25,0,0,24.4,7,2,2.229103,19,25
10/19/2010 2:26,0,0,24.4,7,2,2.277203,18.5,26
10/19/2010 2:27,0,0,24.4,7,2,2.2567801,19,26
10/19/2010 2:28,0,0,24.4,7,2,2.229103,19,25
10/19/2010 2:29,0,0,24.4,7,2,2.249526,19,25
10/19/2010 2:30,0,0,24.4,7,2,2.277203,19.5,24
10/19/2010 2:31,0,0,24.4,7,2,2.277203,19.5,25
10/19/2010 2:32,0,0,24.4,7,2,2.2567801,19.5,25
10/19/2010 2:33,0,0,24.4,7,2,2.277203,19.5,24
10/19/2010 2:34,0,0,24.4,7,2,2.277203,20,24
10/19/2010 2:35,0,0,24.4,7,2,2.258607,20,24
10/19/2010 2:36,0,0,24.4,7,2,2.249526,20,24
10/19/2010 2:37,0,0,24.4,7,2,2.238184,20.5,23
10/19/2010 2:38,0,0,24.4,7,2,2.249526,20.5,23
10/19/2010 2:40,0,0,24.4,7,2,2.2567801,20.5,23
10/19/2010 2:41,0,0,24.4,7,2,2.277203,20.5,23
10/19/2010 2:42,0,0,24.4,7,2,2.277203,20.5,23
10/19/2010 2:43,0,0,24.4,7,2,2.2567801,20.5,23
10/19/2010 2:44,0,0,24.4,7,2,2.249526,20.5,23
10/19/2010 2:45,0,0,24.4,7,2,2.238184,21,23
10/19/2010 2:46,0,0,24.4,7,2,2.229103,21,23
10/19/2010 2:47,0,0,24.4,7,2,2.249526,21,22
10/19/2010 2:48,0,0,24.4,7,2,2.249526,21,22
10/19/2010 2:49,0,0,24.4,7,2,2.249526,21,23
10/19/2010 2:50,0,0,24.4,7,2,2.238184,21,22
10/19/2010 2:51,0,0,24.4,7,2,2.249526,20,23
10/19/2010 2:52,0,0,24.4,7,2,2.229103,19.5,24
10/19/2010 2:53,0,0,24.4,7,2,2.277203,19,25
10/19/2010 2:54,0,0,24.4,7,2,2.2567801,18.5,25
10/19/2010 2:55,0,0,24.4,7,2,2.249526,19,25
10/19/2010 2:56,0,0,24.4,7,2,2.277203,19,25
10/19/2010 2:57,0,0,24.4,7,2,2.229103,19,24
10/19/2010 2:58,0,0,24.4,7,2,2.229103,19.5,24
10/19/2010 2:59,0,0,24.4,7,2,2.229103,19.5,24
10/19/2010 3:00,0,0,24.4,7,2,2.229103,19.5,24
10/19/2010 3:01,0,0,24.4,7,2,2.229103,19.5,24
10/19/2010 3:02,0,0,24.4,7,2,2.277203,19.5,24
10/19/2010 3:03,0,0,24.4,7,2,2.2567801,19.5,24
10/19/2010 3:04,0,0,24.4,7,2,2.249526,20,23
10/19/2010 3:05,0,0,24.4,7,2,2.265861,20,23
10/19/2010 3:06,0,0,24.4,7,2,2.229103,20,23
10/19/2010 3:07,0,0,24.4,7,2,2.202118,20,23
10/19/2010 3:08,0,0,24.4,7,2,2.249526,20,23
10/19/2010 3:09,0,0,24.4,7,2,2.277203,20,23
10/19/2010 3:10,0,0,24.4,7,2,2.277203,20.5,23
10/19/2010 3:11,0,0,24.4,7,2,2.277203,20,23
10/19/2010 3:12,0,0,24.4,7,2,2.229103,20.5,23
10/19/2010 3:13,0,0,24.4,7,2,2.249526,20.5,23
10/19/2010 3:14,0,0,24.4,7,2,2.277203,20.5,23
10/19/2010 3:15,0,0,24.4,7,2,2.277203,20.5,23
10/19/2010 3:16,0,0,24.4,7,2,2.229103,20.5,22
10/19/2010 3:17,0,0,24.4,7,2,2.249526,20.5,22
10/19/2010 3:18,0,0,24.4,7,2,2.277203,20.5,22
10/19/2010 3:19,0,0,24.4,7,2,2.277203,20.5,22
10/19/2010 3:20,0,0,24.4,7,2,2.277203,20.5,22
10/19/2010 3:21,0,0,24.4,7,2,2.249526,21,22
10/19/2010 3:22,0,0,24.4,7,2,2.229103,21,22
10/19/2010 3:23,0,0,24.4,7,2,2.277203,21,22
10/19/2010 3:24,0,0,24.4,7,2,2.277203,21,22
10/19/2010 3:25,0,0,24.4,7,2,2.229103,21,22
10/19/2010 3:26,0,0,24.4,7,2,2.249526,21,22
10/19/2010 3:27,0,0,24.4,7,2,2.249526,21,22
10/19/2010 3:28,0,0,24.4,7,2,2.277203,21,22
10/19/2010 3:29,0,0,24.4,7,2,2.249526,21,22
10/19/2010 3:30,0,0,24.4,7,2,2.258607,21,22
10/19/2010 3:31,0,0,24.4,7,2,2.277203,21,22
10/19/2010 3:32,0,0,24.4,7,2,2.277203,21,22
10/19/2010 3:33,0,0,24.4,7,2,2.277203,21,22
10/19/2010 3:34,0,0,24.4,7,2,2.249526,21,22
10/19/2010 3:35,0,0,24.4,7,2,2.277203,21,22
10/19/2010 3:36,0,0,24.4,7,2,2.29815,21,22
10/19/2010 3:37,0,0,24.4,7,2,2.277203,21,22
10/19/2010 3:38,0,0,24.4,7,2,2.249526,21.5,22
10/19/2010 3:39,0,0,24.4,7,2,2.277203,21.5,22
10/19/2010 3:40,0,0,24.4,7,2,2.277203,21.5,22
10/19/2010 3:41,0,0,24.4,7,2,2.277203,21.5,22
10/19/2010 3:42,0,0,24.4,7,2,2.277203,21,22
10/19/2010 3:43,0,0,24.4,7,2,2.277203,21.5,22
10/19/2010 3:44,0,0,24.4,7,2,2.258607,21.5,22
10/19/2010 3:45,0,0,24.4,7,2,2.277203,21.5,22
10/19/2010 3:46,0,0,24.4,7,2,2.249526,21.5,22
10/19/2010 3:47,0,0,24.4,7,2,2.249526,21.5,22
10/19/2010 3:48,0,0,24.4,7,2,2.249526,21.5,22
10/19/2010 3:49,0,0,24.4,7,2,2.277203,21.5,22
10/19/2010 3:50,0,0,24.4,7,2,2.249526,21.5,22
10/19/2010 3:51,0,0,24.4,7,2,2.277203,21.5,22
10/19/2010 3:52,0,0,24.4,7,2,2.277203,21.5,22
10/19/2010 3:53,0,0,24.4,7,2,2.249526,21.5,22
10/19/2010 3:54,0,0,24.4,7,2,2.277203,21.5,22
10/19/2010 3:55,0,0,24.4,7,2,2.249526,21.5,22
10/19/2010 3:56,0,0,24.4,7,2,2.277203,21.5,21
10/19/2010 3:57,0,0,24.4,7,2,2.229103,21.5,21
10/19/2010 3:58,0,0,24.4,7,2,2.249526,21.5,22
10/19/2010 3:59,0,0,24.4,7,2,2.277203,21.5,21
10/19/2010 4:00,0,0,24.4,7,2,2.277203,21.5,21
10/19/2010 4:01,0,0,24.4,7,2,2.277203,21.5,21
10/19/2010 4:02,0,0,24.4,7,2,2.277203,21.5,21
10/19/2010 4:03,0,0,24.4,7,2,2.277203,21.5,21
10/19/2010 4:04,0,0,24.4,7,2,2.277203,21.5,21
10/19/2010 4:05,0,0,24.4,7,2,2.277203,21.5,21
10/19/2010 4:06,0,0,24.4,7,2,2.277203,21.5,21
10/19/2010 4:08,0,0,24.4,7,2,2.277203,21.5,21
10/19/2010 4:09,0,0,24.4,7,2,2.277203,21.5,21
10/19/2010 4:10,0,0,24.4,7,2,2.277203,21.5,21
10/19/2010 4:11,0,0,24.4,7,2,2.249526,21.5,21
10/19/2010 4:12,0,0,24.4,7,2,2.249526,21.5,21
10/19/2010 4:13,0,0,24.4,7,2,2.249526,21.5,21
10/19/2010 4:14,0,0,24.4,7,2,2.249526,21.5,21
10/19/2010 4:15,0,0,24.4,7,2,2.229103,21.5,21
10/19/2010 4:16,0,0,24.4,7,2,2.249526,21.5,21
10/19/2010 4:17,0,0,24.4,7,2,2.249526,21.5,21
10/19/2010 4:18,0,0,24.4,7,2,2.277203,21.5,21
10/19/2010 4:19,0,0,24.4,7,2,2.249526,21.5,21
10/19/2010 4:20,0,0,24.4,7,2,2.277203,21.5,21
10/19/2010 4:21,0,0,24.4,7,2,2.249526,21.5,21
10/19/2010 4:22,0,0,24.4,7,2,2.249526,22,21
10/19/2010 4:23,0,0,24.4,7,2,2.249526,21.5,21
10/19/2010 4:24,0,0,24.4,7,2,2.249526,21.5,21
10/19/2010 4:25,0,0,24.4,7,2,2.277203,21.5,21
10/19/2010 4:26,0,0,24.4,7,2,2.277203,22,21
10/19/2010 4:27,0,0,24.4,7,2,2.277203,21.5,21
10/19/2010 4:28,0,0,24.4,7,2,2.277203,21.5,21
10/19/2010 4:29,0,0,24.4,7,2,2.258607,22,21
10/19/2010 4:30,0,0,24.4,7,2,2.29815,22,21
10/19/2010 4:31,0,0,24.4,7,2,2.277203,21.5,21
10/19/2010 4:32,0,0,24.4,7,2,2.249526,21.5,21
10/19/2010 4:33,0,0,24.4,7,2,2.277203,22,21
10/19/2010 4:34,0,0,24.4,7,2,2.277203,22,21
10/19/2010 4:35,0,0,24.4,7,2,2.229103,21.5,21
10/19/2010 4:36,0,0,24.4,7,2,2.229103,21,21
10/19/2010 4:37,0,0,24.4,7,2,2.277203,20.5,22
10/19/2010 4:38,0,0,24.4,7,2,2.249526,19.5,23
10/19/2010 4:39,0,0,24.4,7,2,2.277203,19.5,24
10/19/2010 4:40,0,0,24.4,7,2,2.277203,19.5,24
10/19/2010 4:41,0,0,24.4,7,2,2.277203,19.5,24
10/19/2010 4:42,0,0,24.4,7,2,2.249526,19.5,24
10/19/2010 4:43,0,0,24.4,7,2,2.277203,19.5,24
10/19/2010 4:44,0,0,24.4,7,2,2.229103,20,23
10/19/2010 4:45,0,0,24.4,7,2,2.277203,20,23
10/19/2010 4:46,0,0,24.4,7,2,2.2567801,20,23
10/19/2010 4:47,0,0,24.4,7,2,2.277203,20.5,23
10/19/2010 4:48,0,0,24.4,7,2,2.277203,20.5,23
10/19/2010 4:49,0,0,24.4,7,2,2.265861,20.5,22
10/19/2010 4:50,0,0,24.4,7,2,2.307231,20.5,22
10/19/2010 4:51,0,0,24.4,7,2,2.277203,21,22
10/19/2010 4:52,0,0,24.4,7,2,2.277203,21,22
10/19/2010 4:53,0,0,24.4,7,2,2.277203,21,22
10/19/2010 4:54,0,0,24.4,7,2,2.277203,20,22
10/19/2010 4:55,0,0,24.4,7,2,2.229103,19.5,23
10/19/2010 4:56,0,0,24.4,7,2,2.277203,19,24
10/19/2010 4:57,0,0,24.4,7,2,2.2567801,18.5,25
10/19/2010 4:58,0,0,24.4,7,2,2.277203,18.5,25
10/19/2010 4:59,0,0,24.4,7,2,2.249526,18.5,25
10/19/2010 5:00,0,0,24.4,7,2,2.229103,18.5,25
10/19/2010 5:01,0,0,24.4,7,2,2.277203,19,24
10/19/2010 5:02,0,0,24.4,7,2,2.249526,19,24
10/19/2010 5:03,0,0,24.4,7,2,2.249526,19,24
10/19/2010 5:04,0,0,24.4,7,2,2.249526,19,24
10/19/2010 5:05,0,0,24.4,7,2,2.277203,19.5,24
10/19/2010 5:06,0,0,24.4,7,2,2.249526,19.5,24
10/19/2010 5:07,0,0,24.4,7,2,2.277203,19.5,24
10/19/2010 5:08,0,0,24.4,7,2,2.277203,19.5,23
10/19/2010 5:09,0,0,24.4,7,2,2.277203,20,23
10/19/2010 5:10,0,0,24.4,7,2,2.277203,20,23
10/19/2010 5:11,0,0,24.4,7,2,2.29815,20,23
10/19/2010 5:12,0,0,24.4,7,2,2.277203,20,23
10/19/2010 5:13,0,0,24.4,7,2,2.277203,20,23
10/19/2010 5:14,0,0,24.4,7,2,2.277203,20,23
10/19/2010 5:15,0,0,24.4,7,2,2.277203,20,23
10/19/2010 5:16,0,0,24.4,7,2,2.314671,20,23
10/19/2010 5:17,0,0,24.4,7,2,2.314671,20,23
10/19/2010 5:18,0,0,24.4,7,2,2.30559,20.5,23
10/19/2010 5:19,0,0,24.4,7,2,2.277203,20.5,22
10/19/2010 5:20,0,0,24.4,7,2,2.277203,20.5,23
10/19/2010 5:21,0,0,24.4,7,2,2.277203,20.5,22
10/19/2010 5:22,0,0,24.4,7,2,2.277203,20.5,22
10/19/2010 5:23,0,0,24.4,7,2,2.277203,20.5,22
10/19/2010 5:24,0,0,24.4,7,2,2.277203,20.5,22
10/19/2010 5:25,0,0,24.4,7,2,2.29815,20,22
10/19/2010 5:26,0,0,24.4,7,2,2.277203,20.5,22
10/19/2010 5:27,0,0,24.4,7,2,2.29815,20.5,22
10/19/2010 5:28,0,0,24.4,7,2,2.277203,20.5,22
10/19/2010 5:29,0,0,24.4,7,2,2.29815,20.5,22
10/19/2010 5:30,0,0,24.4,7,2,2.277203,20.5,22
10/19/2010 5:31,0,0,24.4,7,2,2.277203,20.5,22
10/19/2010 5:32,0,0,24.4,7,2,2.29815,21,22
10/19/2010 5:33,0,0,24.4,7,2,2.29815,21,22
10/19/2010 5:34,0,0,24.4,7,2,2.29815,21,22
10/19/2010 5:35,0,0,24.4,7,2,2.29815,21,22
10/19/2010 5:36,0,0,24.4,7,2,2.29815,20.5,22
10/19/2010 5:37,0,0,24.4,7,2,2.277203,21,22
10/19/2010 5:38,0,0,24.4,7,2,2.277203,21,22
10/19/2010 5:39,0,0,24.4,7,2,2.335618,21,22
10/19/2010 5:40,0,0,24.4,7,2,2.29815,21,22
10/19/2010 5:41,0,0,24.4,7,2,2.29815,21,22
10/19/2010 5:42,0,0,24.4,7,2,2.326537,21,22
10/19/2010 5:43,0,0,24.4,7,2,2.277203,21,22
10/19/2010 5:44,0,0,24.4,7,2,2.277203,21,22
10/19/2010 5:45,0,0,24.4,7,2,2.277203,21,22
10/19/2010 5:46,0,0,24.4,7,2,2.277203,21,22
10/19/2010 5:47,0,0,24.4,7,2,2.258607,21,22
10/19/2010 5:48,0,0,24.4,7,2,2.277203,21,22
10/19/2010 5:49,0,0,24.4,7,2,2.277203,21,22
10/19/2010 5:50,0,0,24.4,7,2,2.277203,21,22
10/19/2010 5:51,0,0,24.4,7,2,2.277203,21,22
10/19/2010 5:52,0,0,24.4,7,2,2.277203,21,22
10/19/2010 5:53,0,0,24.4,7,2,2.277203,21,22
10/19/2010 5:54,0,0,24.4,7,2,2.277203,21.5,22
10/19/2010 5:55,0,0,24.4,7,2,2.277203,21.5,22
10/19/2010 5:56,0,0,24.4,7,2,2.277203,21.5,22
10/19/2010 5:57,0,0,24.4,7,2,2.29815,21.5,22
10/19/2010 5:58,0,0,24.4,7,2,2.277203,21.5,22
10/19/2010 5:59,0,0,24.4,7,2,2.277203,21.5,22
10/19/2010 6:00,0,0,24.4,7,2,2.277203,21.5,22
10/19/2010 6:01,0,0,24.4,7,2,2.277203,21.5,22
10/19/2010 6:02,0,0,24.4,7,2,2.277203,21.5,21
10/19/2010 6:03,0,0,24.4,7,2,2.29815,21.5,21
10/19/2010 6:04,0,0,24.4,7,2,2.277203,21.5,21
10/19/2010 6:05,0,0,24.4,7,2,2.277203,21.5,21
10/19/2010 6:06,0,0,24.4,7,2,2.277203,21.5,21
10/19/2010 6:07,0,0,24.4,7,2,2.277203,21.5,21
10/19/2010 6:08,0,0,24.4,7,2,2.277203,21.5,21
10/19/2010 6:10,0,0,24.4,7,2,2.29815,21.5,21
10/19/2010 6:11,0,0,24.4,7,2,2.277203,21,21
10/19/2010 6:12,0,0,24.4,7,2,2.249526,20.5,22
10/19/2010 6:13,0,0,24.4,7,2,2.277203,19.5,23
10/19/2010 6:14,0,0,24.4,7,2,2.286284,19,23
10/19/2010 6:15,0,0,24.4,7,2,2.286284,18.5,25
10/19/2010 6:16,0,0,24.4,7,2,2.277203,18.5,25
10/19/2010 6:17,0,0,24.4,7,2,2.277203,18.5,25
10/19/2010 6:18,0,0,24.4,7,2,2.29815,19,25
10/19/2010 6:19,0,0,24.4,7,2,2.29815,19,24
10/19/2010 6:20,0,0,24.4,7,2,2.277203,19,24
10/19/2010 6:21,0,0,24.4,7,2,2.29815,19,24
10/19/2010 6:22,0,0,24.4,7,2,2.286284,19.5,24
10/19/2010 6:23,0,0,24.4,7,2,2.286284,19.5,24
10/19/2010 6:24,0,0,24.4,7,2,2.286284,20,24
10/19/2010 6:25,0,0,24.4,7,2,2.277203,20,24
10/19/2010 6:26,0,0,24.4,7,2,2.30559,19.5,24
10/19/2010 6:27,0,0,24.4,7,2,2.277203,20,23
10/19/2010 6:28,0,0,24.4,7,2,2.277203,20,23
10/19/2010 6:29,0,0,24.4,7,2,2.29815,20,23
10/19/2010 6:30,0,0,24.4,7,2,2.29815,20.5,23
10/19/2010 6:31,0,0,24.4,7,2,2.277203,20.5,23
10/19/2010 6:32,0,0,24.4,7,2,2.286284,20.5,23
10/19/2010 6:33,0,0,24.4,7,2,2.314671,20.5,23
10/19/2010 6:34,0,0,24.4,7,2,2.277203,20.5,23
10/19/2010 6:35,0,0,24.4,7,2,2.307231,20.5,23
10/19/2010 6:36,0,0,24.4,7,2,2.29815,20.5,23
10/19/2010 6:37,0,0,24.4,7,2,2.277203,20.5,22
10/19/2010 6:38,0,0,24.4,7,2,2.277203,20.5,23
10/19/2010 6:39,0,0,24.4,7,2,2.286284,21,22
10/19/2010 6:40,0,0,24.4,7,2,2.29815,21,22
10/19/2010 6:41,0,0,24.4,7,2,2.326537,21,22
10/19/2010 6:42,0,0,24.4,7,2,2.277203,20.5,23
10/19/2010 6:43,0,0,24.4,7,2,2.30559,19.5,24
10/19/2010 6:44,0,0,24.4,7,2,2.314671,19,24
10/19/2010 6:45,0,0,24.4,7,2,2.286284,18.5,25
10/19/2010 6:46,0,0,24.4,7,2,2.30559,18,26
10/19/2010 6:47,0,0,24.4,7,2,2.30559,18,26
10/19/2010 6:48,0,0,24.4,7,2,2.277203,18.5,26
10/19/2010 6:49,0,0,24.4,7,2,2.277203,18.5,26
10/19/2010 6:50,0,0,24.4,7,2,2.277203,18.5,25
10/19/2010 6:51,0,0,24.4,7,2,2.286284,19,25
10/19/2010 6:52,0,0,24.4,7,2,2.286284,19,25
10/19/2010 6:53,0,0,24.4,7,2,2.335618,19,24
10/19/2010 6:54,0,0,24.4,7,2,2.326537,19,24
10/19/2010 6:55,0,0,24.4,7,2,2.2567801,19.5,24
10/19/2010 6:56,0,0,24.4,7,2,2.249526,19.5,24
10/19/2010 6:57,0,0,24.4,7,2,2.229103,19.5,24
10/19/2010 6:58,0,0,24.4,7,2,2.249526,19.5,24
10/19/2010 6:59,0,0,24.4,7,2,2.277203,20,24
10/19/2010 7:00,0,0,24.4,7,2,2.277203,20,24
10/19/2010 7:01,0,0,24.4,7,2,2.2567801,20,24
10/19/2010 7:02,0,0,24.4,7,2,2.277203,20,24
10/19/2010 7:03,0,0,24.4,7,2,2.277203,20,24
10/19/2010 7:04,0,0,24.4,7,2,2.277203,20,23
10/19/2010 7:05,0,0,24.4,7,2,2.277203,20.5,23
10/19/2010 7:06,0,0,24.4,7,2,2.307231,20,23
10/19/2010 7:07,0,0,24.4,7,2,2.29815,20,23
10/19/2010 7:08,0,0,24.4,7,2,2.326537,20.5,23
10/19/2010 7:09,0,0,24.4,7,2,2.307231,20.5,23
10/19/2010 7:10,0,0,24.4,7,2,2.307231,20.5,23
10/19/2010 7:11,0,0,24.4,7,2,2.286284,20.5,23
10/19/2010 7:12,0,0,24.4,7,2,2.286284,20.5,23
10/19/2010 7:13,0,0,24.4,7,2,2.277203,21,23
10/19/2010 7:14,0,0,24.4,7,2,2.277203,20.5,23
10/19/2010 7:15,0,0,24.4,7,2,2.249526,21,23
10/19/2010 7:16,0,0,24.4,7,2,2.307231,21,23
10/19/2010 7:17,0,0,24.4,7,2,2.277203,21,23
10/19/2010 7:18,0,0,24.4,7,2,2.307231,21,23
10/19/2010 7:19,0,0,24.4,7,2,2.314671,21,22
10/19/2010 7:20,0,0,24.4,7,2,2.314671,21,22
10/19/2010 7:21,0,0,24.4,7,2,2.307231,21,22
10/19/2010 7:22,0,0,24.4,7,2,2.277203,21,22
10/19/2010 7:23,0,0,24.4,7,2,2.286284,21,23
10/19/2010 7:24,0,0,24.4,7,2,2.29815,21,22
10/19/2010 7:25,0,0,24.4,7,2,2.307231,21.5,23
10/19/2010 7:26,0,0,24.4,7,2,2.307231,21,23
10/19/2010 7:27,0,0,24.4,7,2,2.286284,21,23
10/19/2010 7:28,0,0,24.4,7,2,2.277203,21.5,22
10/19/2010 7:29,0,0,24.4,7,2,2.307231,21.5,22
10/19/2010 7:30,0,0,24.4,7,2,2.29815,21.5,22
10/19/2010 7:31,0,0,24.4,7,2,2.277203,21.5,22
10/19/2010 7:32,0,0,24.4,7,2,2.286284,21.5,22
10/19/2010 7:33,0,0,24.4,7,2,2.286284,21,22
10/19/2010 7:34,0,0,24.4,7,2,2.286284,20,23
10/19/2010 7:35,0,0,24.4,7,2,2.286284,19.5,24
10/19/2010 7:36,0,0,24.4,7,2,2.286284,18.5,24
10/19/2010 7:37,0,0,24.4,7,2,2.277203,18.5,24
10/19/2010 7:38,0,0,24.4,7,2,2.277203,18,26
10/19/2010 7:39,0,0,24.4,7,2,2.277203,18,26
10/19/2010 7:40,0,0,24.4,7,2,2.277203,18.5,26
10/19/2010 7:41,0,0,24.4,7,2,2.286284,18.5,26
10/19/2010 7:42,0,0,24.4,7,2,2.258607,18.5,26
10/19/2010 7:43,0,0,24.4,7,2,2.286284,19,25
10/19/2010 7:44,0,0,24.4,7,2,2.286284,19,25
10/19/2010 7:45,0,0,24.4,7,2,2.249526,19,25
10/19/2010 7:46,0,0,24.4,7,2,2.277203,19,25
10/19/2010 7:47,0,2,24.4,7,2,2.277203,19,24
10/19/2010 7:48,0,2,24.4,7,2,2.277203,19.5,24
10/19/2010 7:49,0,2,24.4,7,2,2.277203,19.5,24
10/19/2010 7:50,0,2,24.4,7,2,2.286284,19.5,25
10/19/2010 7:51,1,2,24.4,7,2,2.277203,19.5,24
10/19/2010 7:52,1,2,24.4,7,2,2.277203,19.5,24
10/19/2010 7:53,1,2,24.4,7,2,2.277203,19.5,24
10/19/2010 7:54,1,2,24.4,7,2,2.277203,20,24
10/19/2010 7:55,1,2,24.4,7,2,2.277203,19.5,24
10/19/2010 7:56,1,2,24.4,7,2,2.277203,20,24
10/19/2010 7:57,1,2,24.4,7,2,2.30559,20,24
10/19/2010 7:58,1,2,24.4,7,2,2.277203,20,24
10/19/2010 7:59,2,2,24.6,7,2,2.277203,20.5,24
10/19/2010 8:00,2,2,24.6,7,2,2.277203,20.5,24
10/19/2010 8:01,2,2,24.6,7,2,2.286284,20,24
10/19/2010 8:02,2,2,24.6,7,2,2.277203,20.5,24
10/19/2010 8:03,2,2,24.6,7,2,2.307231,20.5,24
10/19/2010 8:04,2,2,24.6,7,2,2.286284,20.5,23
10/19/2010 8:05,2,2,24.6,7,2,2.286284,20.5,23
10/19/2010 8:06,2,2,24.6,7,2,2.286284,20.5,23
10/19/2010 8:07,2,2,24.6,7,2,2.277203,20.5,23
10/19/2010 8:08,2,2,24.6,7,2,2.29815,20.5,23
10/19/2010 8:09,2,2,24.6,7,2,2.277203,21,23
10/19/2010 8:11,3,2,24.6,7,2,2.286284,21,23
10/19/2010 8:12,3,2,24.6,7,2,2.286284,21,23
10/19/2010 8:13,3,2,24.6,7,2,2.286284,21,23
10/19/2010 8:14,3,2,24.6,7,2,2.307231,21,23
10/19/2010 8:15,3,2,24.6,7,2,2.307231,21,23
10/19/2010 8:16,3,2,24.8,7,2,2.307231,21,23
10/19/2010 8:17,3,2,24.8,7,2,2.277203,21,23
10/19/2010 8:18,3,2,24.8,7,2,2.286284,20.5,23
10/19/2010 8:19,3,2,24.8,7,2,2.286284,20,24
10/19/2010 8:20,3,2,24.8,7,2,2.286284,19,24
10/19/2010 8:21,3,2,24.8,7,2,2.277203,18.5,25
10/19/2010 8:22,3,2,24.8,7,2,2.286284,18,27
10/19/2010 8:23,4,2,24.8,7,2,2.2567801,18,27
10/19/2010 8:24,4,2,24.8,7,2,2.277203,18,27
10/19/2010 8:25,4,2,24.8,7,2,2.286284,18.5,27
10/19/2010 8:26,4,2,24.8,7,2,2.286284,18.5,26
10/19/2010 8:27,4,2,24.8,7,2,2.286284,19,26
10/19/2010 8:28,4,2,25,7,2,2.277203,19,26
10/19/2010 8:29,4,2,25,7,2,2.277203,19,25
10/19/2010 8:30,4,2,25,7,2,2.277203,19.5,25
10/19/2010 8:31,4,2,25,7,2,2.277203,19.5,25
10/19/2010 8:32,4,2,25,7,2,2.277203,19.5,25
10/19/2010 8:33,4,2,25,7,2,2.277203,20,25
10/19/2010 8:34,4,2,25,7,2,2.277203,20,25
10/19/2010 8:35,4,2,25,7,2,2.29815,20,25
10/19/2010 8:36,4,2,25,7,2,2.286284,20,25
10/19/2010 8:37,4,2,25,7,2,2.277203,19.5,25
10/19/2010 8:38,4,2,25,7,2,2.277203,19,26
10/19/2010 8:39,4,2,25,7,2,2.277203,19,26
10/19/2010 8:40,4,2,25,7,2,2.277203,19,26
10/19/2010 8:41,4,2,25,7,2,2.277203,19,26
10/19/2010 8:42,4,2,25,7,2,2.277203,19.5,25
10/19/2010 8:43,3,2,25,7,2,2.277203,19.5,25
10/19/2010 8:44,3,2,25,7,2,2.277203,19.5,25
10/19/2010 8:45,3,2,25,7,2,2.277203,20,25
10/19/2010 8:46,3,2,25,7,2,2.286284,20,25
10/19/2010 8:47,3,2,25,7,2,2.286284,19,25
10/19/2010 8:48,3,2,25,7,2,2.29815,18.5,26
10/19/2010 8:49,3,2,25,7,2,2.286284,18.5,27
10/19/2010 8:50,4,2,25,7,2,2.286284,18,27
10/19/2010 8:51,4,2,25,7,2,2.249526,18.5,27
10/19/2010 8:52,4,2,25,7,2,2.277203,18.5,27
10/19/2010 8:53,4,2,25,7,2,2.277203,18.5,27
10/19/2010 8:54,4,2,25,7,2,2.249526,19,27
10/19/2010 8:55,4,2,25,7,2,2.277203,19,26
10/19/2010 8:56,4,2,25,7,2,2.277203,19.5,26
10/19/2010 8:57,4,2,25,7,2,2.277203,19.5,26
10/19/2010 8:58,4,2,25,7,2,2.277203,19.5,25
10/19/2010 8:59,4,2,25,7,2,2.307231,19.5,25
10/19/2010 9:00,4,2,25,7,2,2.30559,20,25
10/19/2010 9:01,4,2,25,7,2,2.277203,20,25
10/19/2010 9:02,4,2,25,7,2,2.286284,20,25
10/19/2010 9:03,5,2,25,7,2,2.277203,20.5,25
10/19/2010 9:04,5,2,25,7,2,2.277203,20,25
10/19/2010 9:05,5,2,25,7,2,2.277203,20.5,25
10/19/2010 9:06,5,2,25,7,2,2.335618,20.5,25
10/19/2010 9:07,5,2,25,7,2,2.326537,20.5,25
10/19/2010 9:08,5,2,25,7,2,2.277203,20.5,25
10/19/2010 9:09,5,2,25,7,2,2.277203,21,25
10/19/2010 9:10,5,2,25,7,2,2.277203,21,25
10/19/2010 9:11,5,2,25,7,2,2.286284,21,25
10/19/2010 9:12,5,2,25,7,2,2.29815,21,24
10/19/2010 9:13,5,2,25,7,2,2.286284,21,24
10/19/2010 9:14,5,2,25,7,2,2.307231,21.5,24
10/19/2010 9:15,5,2,25,7,2,2.314671,21,24
10/19/2010 9:16,4,2,25,7,2,2.277203,20.5,25
10/19/2010 9:17,5,2,25,7,2,2.277203,19.5,25
10/19/2010 9:18,5,2,25,7,2,2.277203,19,26
10/19/2010 9:19,5,2,25.2,7,2,2.277203,18.5,27
10/19/2010 9:20,5,2,25.2,7,2,2.277203,18,29
10/19/2010 9:21,5,2,25.2,7,2,2.286284,18,29
10/19/2010 9:22,5,2,25.2,7,2,2.277203,18,29
10/19/2010 9:23,6,2,25.2,7,2,2.277203,18.5,28
10/19/2010 9:24,6,2,25.2,7,2,2.286284,18.5,28
10/19/2010 9:25,6,2,25.2,7,2,2.277203,19,27
10/19/2010 9:26,7,2,25.2,7,2,2.277203,19,27
10/19/2010 9:27,6,2,25.2,7,2,2.286284,19.5,27
10/19/2010 9:28,6,2,25.2,7,2,2.277203,19.5,27
10/19/2010 9:29,5,2,25.2,7,2,2.277203,19.5,26
10/19/2010 9:30,5,2,25.2,7,2,2.286284,19.5,26
10/19/2010 9:31,4,2,25.2,7,2,2.277203,20,26
10/19/2010 9:32,4,2,25,7,2,2.277203,20,26
10/19/2010 9:33,4,2,25,7,2,2.258607,20.5,26
10/19/2010 9:34,4,2,25,7,2,2.277203,20.5,25
10/19/2010 9:35,4,2,25,7,2,2.277203,20.5,25
10/19/2010 9:36,4,2,25,7,2,2.249526,20.5,25
10/19/2010 9:37,4,2,25,7,2,2.249526,21,25
10/19/2010 9:38,4,2,25,7,2,2.277203,21,25
10/19/2010 9:39,4,2,25,7,2,2.307231,21,25
10/19/2010 9:40,5,2,25,7,2,2.29815,21,25
10/19/2010 9:41,5,2,25.2,7,2,2.286284,21,25
10/19/2010 9:42,5,2,25.2,7,2,2.277203,21,25
10/19/2010 9:43,5,2,25.2,7,2,2.29815,21,25
10/19/2010 9:44,6,2,25.2,7,2,2.286284,21.5,25
10/19/2010 9:45,7,2,25.2,7,2,2.29815,21.5,25
10/19/2010 9:46,7,2,25.2,7,2,2.307231,21.5,25
10/19/2010 9:47,7,2,25.2,7,2,2.29815,21,25
10/19/2010 9:48,7,2,25.2,7,2,2.277203,20.5,25
10/19/2010 9:49,7,2,25.2,7,2,2.286284,20,26
10/19/2010 9:50,7,2,25.2,7,2,2.277203,19.5,27
10/19/2010 9:51,7,2,25.2,7,2,2.286284,19,27
10/19/2010 9:52,6,2,25.2,7,2,2.286284,18.5,28
10/19/2010 9:53,6,2,25.2,7,2,2.277203,18,30
10/19/2010 9:54,6,2,25.2,7,2,2.286284,18,30
10/19/2010 9:55,9,2,25.2,7,2,2.286284,18.5,30
10/19/2010 9:57,7,2,25.2,7,2,2.249526,18.5,29
10/19/2010 9:58,7,2,25.2,7,2,2.249526,19,29
10/19/2010 9:59,7,2,25.2,7,2,2.277203,19,29
10/19/2010 10:00,7,2,25.2,7,2,2.277203,19,29
10/19/2010 10:01,7,2,25.2,7,2,2.286284,19.5,28
10/19/2010 10:02,8,2,25.2,7,2,2.286284,19.5,28
10/19/2010 10:03,9,2,25.2,7,2,2.307231,20,28
10/19/2010 10:04,12,2,25.4,7,2,2.314671,20,27
10/19/2010 10:05,17,2,25.4,7,2,2.286284,20.5,27
10/19/2010 10:06,17,2,25.4,7,2,2.286284,20.5,27
10/19/2010 10:07,14,2,25.4,7,2,2.286284,20.5,27
10/19/2010 10:08,11,2,25.4,7,2,2.277203,20.5,26
10/19/2010 10:09,10,2,25.4,7,2,2.286284,20.5,26
10/19/2010 10:10,9,2,25.4,7,2,2.258607,20,27
10/19/2010 10:11,10,2,25.4,7,2,2.286284,19.5,27
10/19/2010 10:12,11,2,25.4,7,2,2.286284,19,28
10/19/2010 10:13,11,2,25.4,7,2,2.30559,18.5,29
10/19/2010 10:14,12,2,25.4,7,2,2.286284,18,29
10/19/2010 10:15,12,2,25.4,7,2,2.307231,17.5,31
10/19/2010 10:16,12,2,25.4,7,2,2.286284,18,32
10/19/2010 10:17,11,2,25.4,7,2,2.286284,18,32
10/19/2010 10:18,12,2,25.4,7,2,2.286284,18.5,31
10/19/2010 10:19,12,2,25.4,7,2,2.335618,18.5,30
10/19/2010 10:20,13,2,25.4,7,2,2.286284,19,30
10/19/2010 10:21,21,2,25.4,7,2,2.314671,19,29
10/19/2010 10:22,21,2,25.6,7,2,2.314671,19.5,29
10/19/2010 10:23,20,2,25.6,7,2,2.307231,19.5,29
10/19/2010 10:24,25,2,25.6,7,2,2.335618,20,29
10/19/2010 10:25,20,2,25.6,7,2,2.335618,20,29
10/19/2010 10:26,18,2,25.6,7,2,2.335618,20,28
10/19/2010 10:27,11,2,25.4,7,2,2.335618,20.5,28
10/19/2010 10:28,13,2,25.4,7,2,2.314671,20.5,27
10/19/2010 10:29,14,2,25.4,7,2,2.286284,20,27
10/19/2010 10:30,11,2,25.4,7,2,2.335618,19.5,28
10/19/2010 10:31,10,2,25.4,7,2,2.286284,19,29
10/19/2010 10:32,15,2,25.4,7,2,2.307231,18.5,29
10/19/2010 10:33,16,2,25.6,7,2,2.314671,18.5,30
10/19/2010 10:34,17,2,25.6,7,2,2.286284,18,30
10/19/2010 10:35,11,2,25.4,7,2,2.314671,17.5,31
10/19/2010 10:36,18,2,25.6,7,2,2.286284,17.5,31
10/19/2010 10:37,24,2,25.8,7,2,2.277203,17,33
10/19/2010 10:38,26,2,25.6,7,2,2.286284,17.5,34
10/19/2010 10:39,30,2,25.8,7,2,2.286284,18,34
10/19/2010 10:40,9,2,25.6,7,2,2.277203,18,33
10/19/2010 10:41,27,2,25.8,7,2,2.286284,18.5,33
10/19/2010 10:42,28,2,25.8,7,2,2.286284,19,32
10/19/2010 10:43,31,2,25.8,7,2,2.307231,19,31
10/19/2010 10:44,33,2,26,7,2,2.335618,19.5,31
10/19/2010 10:45,23,2,25.8,7,2,2.314671,20,30
10/19/2010 10:46,30,2,25.8,7,2,2.335618,20,30
10/19/2010 10:47,27,2,25.8,7,2,2.314671,19.5,29
10/19/2010 10:48,13,2,25.8,7,2,2.307231,19.5,30
10/19/2010 10:49,25,2,25.8,7,2,2.286284,19,30
10/19/2010 10:50,27,2,25.8,7,2,2.335618,19,30
10/19/2010 10:51,26,2,25.8,7,2,2.314671,18.5,31
10/19/2010 10:52,29,2,25.8,7,2,2.314671,18.5,31
10/19/2010 10:53,15,2,25.6,7,2,2.286284,18.5,31
10/19/2010 10:54,30,2,25.8,7,2,2.286284,18.5,31
10/19/2010 10:55,18,2,25.8,7,2,2.277203,18.5,31
10/19/2010 10:56,13,2,25.8,7,2,2.286284,18,31
10/19/2010 10:57,16,2,25.6,7,2,2.286284,18,31
10/19/2010 10:58,14,2,25.6,7,2,2.314671,18,31
10/19/2010 10:59,39,2,25.8,7,2,2.229103,18,31
10/19/2010 11:00,31,2,26,7,2,2.277203,18,31
10/19/2010 11:01,36,2,26,7,2,2.265861,18,32
10/19/2010 11:02,33,2,26,7,2,2.286284,18,32
10/19/2010 11:03,35,2,26,7,2,2.286284,18,32
10/19/2010 11:04,34,2,26,7,2,2.295598,17.5,32
10/19/2010 11:05,33,2,26,7,2,2.277203,18,32
10/19/2010 11:06,33,2,26,7,2,2.286284,17.5,32
10/19/2010 11:07,34,2,26,7,2,2.277203,18,32
10/19/2010 11:08,34,2,26,7,2,2.286284,18,32
10/19/2010 11:09,33,2,26,7,2,2.229103,18,32
10/19/2010 11:10,34,2,26,7,2,2.277203,18,32
10/19/2010 11:11,34,2,26.2,7,2,2.229103,18,32
10/19/2010 11:12,34,2,26.2,7,2,2.229103,18,32
10/19/2010 11:13,34,2,26.2,7,2,2.229103,18,32
10/19/2010 11:14,34,2,26.2,7,2,2.229103,18,32
10/19/2010 11:15,33,2,26,7,2,2.229103,18,32
10/19/2010 11:16,34,2,26,7,2,2.258607,18,32
10/19/2010 11:17,34,2,26.2,7,2,2.2567801,18,32
10/19/2010 11:18,35,2,26.2,7,2,2.2567801,18,32
10/19/2010 11:19,35,2,26.2,7,2,2.2567801,18.5,32
10/19/2010 11:20,35,2,26.2,7,2,2.2567801,18,32
10/19/2010 11:21,35,2,26.2,7,2,2.2567801,18.5,32
10/19/2010 11:22,35,2,26.2,7,2,2.229103,18.5,32
10/19/2010 11:23,35,2,26.2,7,2,2.229103,18.5,31
10/19/2010 11:24,35,2,26.2,7,2,2.229103,18.5,32
10/19/2010 11:25,36,2,26.2,7,2,2.277203,18.5,32
10/19/2010 11:26,36,2,26.2,7,2,2.2567801,18.5,32
10/19/2010 11:27,37,2,26.2,7,2,2.2567801,18.5,32
10/19/2010 11:28,37,2,26.2,7,2,2.2567801,18.5,32
10/19/2010 11:29,38,2,26.4,7,2,2.2567801,18.5,32
10/19/2010 11:30,26,2,26.4,7,2,2.229103,18.5,32
10/19/2010 11:31,19,2,25.8,7,2,2.249526,18.5,32
10/19/2010 11:32,27,2,26,7,2,2.2567801,18.5,32
10/19/2010 11:33,38,2,26.2,7,2,2.249526,18.5,32
10/19/2010 11:34,37,2,26.4,7,2,2.2567801,18.5,32
10/19/2010 11:35,37,2,26.4,7,2,2.2567801,18.5,32
10/19/2010 11:36,37,2,26.4,7,2,2.277203,18.5,32
10/19/2010 11:37,38,2,26.4,7,2,2.277203,18.5,32
10/19/2010 11:38,38,2,26.4,7,2,2.229103,18.5,32
10/19/2010 11:39,38,2,26.4,7,2,2.249526,18.5,32
10/19/2010 11:40,38,2,26.4,7,2,2.277203,18,32
10/19/2010 11:41,38,2,26.4,7,2,2.286284,18.5,33
10/19/2010 11:42,38,2,26.4,7,2,2.277203,18,33
10/19/2010 11:43,38,2,26.4,7,2,2.229103,18,33
10/19/2010 11:44,28,2,26.6,7,2,2.229103,18,33
10/19/2010 11:45,39,2,26.2,7,2,2.229103,18,33
10/19/2010 11:46,38,2,26.4,7,2,2.277203,18,33
10/19/2010 11:47,38,2,26.4,7,2,2.229103,18,33
10/19/2010 11:48,39,2,26.6,7,2,2.277203,18,33
10/19/2010 11:49,40,2,26.6,7,2,2.229103,18,33
10/19/2010 11:50,40,2,26.6,7,2,2.229103,18,33
10/19/2010 11:51,39,2,26.6,7,2,2.249526,18,33
10/19/2010 11:52,39,2,26.6,7,2,2.229103,18,34
10/19/2010 11:53,39,2,26.6,7,2,2.229103,18,33
10/19/2010 11:54,39,2,26.6,7,2,2.2567801,18,34
10/19/2010 11:55,39,2,26.6,7,2,2.229103,18,34
10/19/2010 11:57,39,2,26.6,7,2,2.249526,18,34
10/19/2010 11:58,39,2,26.6,7,2,2.277203,18,33
10/19/2010 11:59,39,2,26.6,7,2,2.229103,18,34
10/19/2010 12:00,40,2,27,7,2,2.229103,17.5,34
10/19/2010 12:01,41,2,26.4,2,1,1.854491,17.5,34
10/19/2010 12:02,30,2,26.4,2,1,1.902062,17.5,34
10/19/2010 12:03,41,2,26.2,2,1,1.8811151,17.5,34
10/19/2010 12:04,42,2,26.4,2,1,1.902062,17.5,34
10/19/2010 12:05,2,2,25.6,2,1,1.892981,17.5,34
10/19/2010 12:06,3,2,25.4,2,1,1.9144659,17.5,34
10/19/2010 12:07,12,2,25.6,2,1,1.945582,17.5,34
10/19/2010 12:08,44,2,26.2,2,1,1.920056,17.5,34
10/19/2010 12:09,44,2,26.4,2,1,1.9235469,17.5,34
10/19/2010 12:10,45,2,26.4,2,1,1.884519,18,34
10/19/2010 12:11,45,2,26.4,2,1,1.902062,18,34
10/19/2010 12:12,45,2,26.6,2,1,1.902062,18,34
10/19/2010 12:13,21,2,26.2,2,1,1.902062,18,33
10/19/2010 12:14,9,2,26,2,1,1.941541,18,33
10/19/2010 12:15,10,2,25.4,2,1,1.93246,18,33
10/19/2010 12:16,31,2,26,2,1,1.9144659,18,33
10/19/2010 12:17,8,2,25.4,2,1,1.941541,18,33
10/19/2010 12:18,24,2,25.6,2,1,1.93246,18,33
10/19/2010 12:19,47,2,26.4,2,1,1.892981,18,33
10/19/2010 12:20,23,2,26,2,1,1.902062,18,33
10/19/2010 12:21,49,2,26.2,2,1,1.902062,18,33
10/19/2010 12:22,47,2,26.6,2,1,1.8811151,18,33
10/19/2010 12:23,47,2,27,2,1,1.863572,18,33
10/19/2010 12:24,36,2,26.6,2,1,1.892981,18,33
10/19/2010 12:25,46,2,26.6,2,1,1.854491,18.5,33
10/19/2010 12:26,46,2,27,2,1,1.863572,18.5,33
10/19/2010 12:27,45,2,27,2,1,1.902062,18.5,33
10/19/2010 12:28,11,2,26.6,2,1,1.920056,18.5,33
10/19/2010 12:29,44,2,26.6,2,1,1.902062,18.5,32
10/19/2010 12:30,44,2,26.6,2,1,1.892981,18.5,32
10/19/2010 12:31,8,2,25.6,2,1,1.9144659,18.5,32
10/19/2010 12:32,7,2,25.4,2,1,1.941541,19,32
10/19/2010 12:33,48,2,25.4,2,1,1.9144659,19,32
10/19/2010 12:34,47,2,27,2,1,1.863572,19,32
10/19/2010 12:35,8,2,25.8,2,1,1.892981,19,32
10/19/2010 12:36,7,2,25.4,2,1,1.963576,19,32
10/19/2010 12:37,8,2,25.2,2,1,1.9144659,19,32
10/19/2010 12:38,46,2,26.4,2,1,1.902062,19,32
10/19/2010 12:39,42,2,25.8,2,1,1.892981,18.5,32
10/19/2010 12:40,35,2,26,2,1,1.9235469,18.5,32
10/19/2010 12:41,8,2,25.4,2,1,1.97295,18.5,32
10/19/2010 12:42,48,2,25.6,2,1,1.902062,18.5,32
10/19/2010 12:43,33,2,25.8,2,1,1.902062,18.5,32
10/19/2010 12:44,47,2,25.6,2,1,1.902062,18.5,32
10/19/2010 12:45,45,2,27,2,1,1.8720341,18.5,32
10/19/2010 12:46,46,2,27,2,1,1.8811151,18,32
10/19/2010 12:47,7,2,25.8,2,1,1.9144659,18.5,32
10/19/2010 12:48,6,2,25.4,2,1,1.963576,18,32
10/19/2010 12:49,31,2,25.8,2,1,1.93246,18,32
10/19/2010 12:50,46,2,26,2,1,1.8811151,18,33
10/19/2010 12:51,45,2,27.2,2,1,1.902062,18,33
10/19/2010 12:52,46,2,27.2,2,1,1.8720341,18,33
10/19/2010 12:53,45,2,27.2,2,1,1.854491,18,33
10/19/2010 12:54,31,2,27,2,1,1.854491,18,33
10/19/2010 12:55,16,2,26.2,2,1,1.9235469,18,33
10/19/2010 12:56,44,2,27,2,1,1.863572,18,33
10/19/2010 12:57,44,2,27.2,2,1,1.892981,18,33
10/19/2010 12:58,43,2,27.2,2,1,1.902062,18,33
10/19/2010 12:59,43,2,27.2,2,1,1.8720341,18,33
10/19/2010 13:00,43,2,27.2,2,1,1.902062,18,33
10/19/2010 13:01,43,2,27.2,2,1,1.854491,17.5,33
10/19/2010 13:02,43,2,27.2,2,1,1.8340681,18,33
10/19/2010 13:03,43,2,27.4,2,1,1.863572,18,33
10/19/2010 13:04,43,2,27.4,2,1,1.863572,18,33
10/19/2010 13:05,43,2,27.4,2,1,1.863572,18,33
10/19/2010 13:06,43,2,27.4,2,1,1.863572,18,33
10/19/2010 13:07,42,2,25.8,2,1,1.910975,18,33
10/19/2010 13:08,43,2,27.4,2,1,1.8720341,18,33
10/19/2010 13:09,43,2,27.6,2,1,1.8720341,18,33
10/19/2010 13:10,43,2,27.8,2,1,1.8340681,18,33
10/19/2010 13:11,40,2,25.8,2,1,1.9144659,18,32
10/19/2010 13:12,43,2,27.8,2,1,1.863572,18.5,32
10/19/2010 13:13,42,2,27.8,2,1,1.8811151,18.5,32
10/19/2010 13:14,42,2,27.8,2,1,1.8431491,18.5,32
10/19/2010 13:15,42,2,27.8,2,1,1.8720341,18.5,32
10/19/2010 13:16,42,2,28,2,1,1.8431491,18.5,32
10/19/2010 13:17,41,2,28.2,2,1,1.8340681,18.5,32
10/19/2010 13:18,41,2,28.2,2,1,1.854491,18.5,32
10/19/2010 13:19,41,2,28.4,2,1,1.851611,18.5,32
10/19/2010 13:20,41,2,28.6,2,1,1.8340681,19,32
10/19/2010 13:21,40,2,28.6,2,1,1.8340681,19,32
10/19/2010 13:22,40,2,28.8,2,1,1.816963,19,32
10/19/2010 13:23,40,2,29,2,1,1.814156,19,31
10/19/2010 13:24,40,2,29,2,1,1.814156,19,31
10/19/2010 13:25,39,3,29,2,1,1.814156,19,31
10/19/2010 13:26,39,3,29,2,1,1.816963,19,31
10/19/2010 13:27,39,3,29,2,1,1.797051,19,31
10/19/2010 13:28,39,3,29,2,1,1.814156,19,31
10/19/2010 13:29,38,3,29,2,1,1.814156,19,31
10/19/2010 13:30,38,3,29,2,1,1.814156,19.5,31
10/19/2010 13:31,38,3,29,2,1,1.814156,19.5,31
10/19/2010 13:32,38,3,29,2,1,1.814156,19.5,31
10/19/2010 13:33,37,3,27,2,1,1.8340681,19.5,30
10/19/2010 13:34,37,3,29,2,1,1.814156,19.5,30
10/19/2010 13:35,36,3,29,2,1,1.814156,19.5,30
10/19/2010 13:36,36,3,29,2,1,1.814156,19.5,30
10/19/2010 13:37,35,3,29,2,1,1.814156,19.5,30
10/19/2010 13:38,36,3,29,2,1,1.814156,19.5,30
10/19/2010 13:39,35,3,29,2,1,1.814156,19.5,31
10/19/2010 13:40,35,3,29,2,1,1.814156,19.5,31
10/19/2010 13:41,34,3,29,2,1,1.814156,19.5,31
10/19/2010 13:42,34,3,29,2,1,1.814156,19.5,31
10/19/2010 13:43,34,3,29,2,1,1.816963,19,31
10/19/2010 13:44,34,3,29,2,1,1.8340681,19,31
10/19/2010 13:45,31,2,26.2,2,1,1.884519,19,31
10/19/2010 13:46,30,3,29,2,1,1.854491,19,31
10/19/2010 13:47,7,2,26,2,1,1.884519,19,31
10/19/2010 13:48,9,2,25.6,2,1,1.9235469,19,31
10/19/2010 13:49,31,2,25.6,2,1,1.941541,19,31
10/19/2010 13:50,33,3,27.2,2,1,1.854491,19,31
10/19/2010 13:51,32,3,29,2,1,1.777637,19,31
10/19/2010 13:52,32,3,29,2,1,1.797051,19,31
10/19/2010 13:53,31,3,29,2,1,1.797051,19,31
10/19/2010 13:54,31,3,29,2,1,1.777637,19,31
10/19/2010 13:55,31,3,29,2,1,1.797051,19,31
10/19/2010 13:56,30,3,29,2,1,1.814156,19,31
10/19/2010 13:57,30,3,29,2,1,1.777637,19,31
10/19/2010 13:58,30,3,29,2,1,1.76096,18.5,31
10/19/2010 13:59,20,2,26.2,2,1,1.902062,19,32
10/19/2010 15:07,8,2,25.2,2,1,1.9235469,18.5,31
10/19/2010 15:08,8,2,25.2,2,1,1.945582,18,31
10/19/2010 15:09,8,2,25.2,2,1,1.9235469,18,31
10/19/2010 15:10,8,2,25.2,2,1,1.941541,18,31
10/19/2010 15:11,9,2,25.2,2,1,1.941541,18,31
10/19/2010 15:12,9,2,25.2,2,1,1.945582,18,31
10/19/2010 15:13,13,2,25.2,2,1,1.93246,18,32
10/19/2010 15:14,18,2,25.4,2,1,1.902062,18,32
10/19/2010 15:15,32,3,29,2,1,1.797051,18,32
10/19/2010 15:16,28,3,29,2,1,1.8053031,17.5,32
10/19/2010 15:17,27,3,29,2,1,1.816963,17.5,32
10/19/2010 15:18,25,3,29,2,1,1.814156,18,32
10/19/2010 15:19,9,2,25.6,2,1,1.941541,17.5,32
10/19/2010 15:20,7,3,25.8,2,1,1.9235469,18,32
10/19/2010 15:21,8,2,25.4,2,1,1.941541,18,32
10/19/2010 15:22,6,2,25.2,2,1,1.9235469,18,32
10/19/2010 15:23,18,2,25.2,2,1,1.9144659,18,32
10/19/2010 15:24,25,3,29,2,1,1.777637,18,32
10/19/2010 15:25,25,3,29,2,1,1.797051,18,32
10/19/2010 15:26,5,2,25.6,2,1,1.9235469,18,32
10/19/2010 15:27,28,2,27,2,1,1.9144659,18,31
10/19/2010 15:28,4,2,25.4,2,1,1.941541,18,31
10/19/2010 15:29,4,2,25.2,2,1,1.9235469,18.5,31
10/19/2010 15:30,5,2,25.2,2,1,1.9235469,18.5,31
10/19/2010 15:31,6,2,25.2,2,1,1.9235469,18.5,31
10/19/2010 15:32,11,2,25.2,2,1,1.9235469,18.5,31
10/19/2010 15:33,5,2,25.2,2,1,1.93246,18.5,31
10/19/2010 15:34,5,2,25,2,1,1.963576,18.5,31
10/19/2010 15:35,11,2,25.2,2,1,1.941541,18.5,31
10/19/2010 15:36,31,2,26,2,1,1.9144659,18.5,31
10/19/2010 15:37,25,2,27.6,2,1,1.884519,18.5,31
10/19/2010 15:38,10,2,25.4,2,1,1.928039,18.5,31
10/19/2010 15:39,7,2,25.4,2,1,1.941541,18.5,31
10/19/2010 15:40,6,2,25.2,2,1,1.963576,18.5,31
10/19/2010 15:41,7,2,25.2,2,1,1.9235469,18.5,31
10/19/2010 15:42,9,2,25.2,2,1,1.9235469,18.5,31
10/19/2010 15:43,9,2,25.2,2,1,1.9235469,18.5,31
10/19/2010 15:44,9,2,25.2,2,1,1.941541,18.5,31
10/19/2010 15:45,9,2,25.2,2,1,1.9235469,18.5,31
10/19/2010 15:46,10,2,25.2,2,1,1.950855,18.5,32
10/19/2010 15:47,10,2,25.2,2,1,1.9235469,19,34
10/19/2010 15:48,27,2,25.4,2,1,1.941541,19.5,34
10/19/2010 15:49,8,2,25.2,2,1,1.9144659,20,35
10/19/2010 15:50,7,2,25.2,2,1,1.963576,20.5,35
10/19/2010 15:51,7,2,25,2,1,1.963576,21,35
10/19/2010 15:52,7,2,25,2,1,1.963576,21,33
10/19/2010 15:53,7,2,25,2,1,1.963576,21,33
10/19/2010 15:54,7,2,25,2,1,1.963576,21,33
10/19/2010 15:55,7,2,25,2,1,1.982031,20.5,33
10/19/2010 15:56,7,2,25,2,1,1.982031,20,33
10/19/2010 15:57,7,2,25,2,1,1.982031,20,33
10/19/2010 15:58,8,2,25,2,1,1.982031,19.5,33
10/19/2010 15:59,7,2,25,2,1,1.9728899,19.5,33
10/19/2010 16:00,7,2,25,2,1,1.982031,19.5,33
10/19/2010 16:01,7,2,25,2,1,1.963576,19.5,33
10/19/2010 16:02,6,2,25,2,1,1.9913449,19,33
10/19/2010 16:03,5,2,25,2,1,1.963576,19,33
10/19/2010 16:04,4,2,25,2,1,1.941541,19,33
10/19/2010 16:05,3,2,25,2,1,1.97295,19,33
10/19/2010 16:06,4,2,25,2,1,1.945582,19,33
10/19/2010 16:07,4,2,25,2,1,1.963576,18.5,33
10/19/2010 16:08,4,2,25,2,1,1.954495,18.5,33
10/19/2010 16:09,4,2,25,2,1,1.941541,18.5,33
10/19/2010 16:10,6,2,25,2,1,1.963576,18.5,33
10/19/2010 16:11,6,2,25,2,1,1.941541,18,33
10/19/2010 16:12,6,2,25,2,1,1.9235469,18,33
10/19/2010 16:13,5,2,25,2,1,1.963576,18,33
10/19/2010 16:14,4,2,25,2,1,1.963576,18,33
10/19/2010 16:15,3,2,25,2,1,1.963576,18,34
10/19/2010 16:16,3,2,25,2,1,1.963576,17.5,34
10/19/2010 16:17,3,2,25,2,1,1.941541,17.5,35
10/19/2010 16:18,3,2,25,2,1,1.954495,18,38
10/19/2010 16:19,3,2,25,2,1,1.954495,18.5,39
10/19/2010 16:20,3,2,25,2,1,1.982031,18.5,39
10/19/2010 16:21,3,2,25,2,1,1.963576,19,39
10/19/2010 16:22,2,2,25,2,1,1.982031,19.5,39
10/19/2010 16:23,2,2,25,2,1,1.982031,20,39
10/19/2010 16:24,2,2,25,2,1,1.954495,21,38
10/19/2010 16:26,2,2,25,2,1,1.9955499,21,38
10/19/2010 16:27,3,2,25,2,1,1.963576,21.5,37
10/19/2010 16:28,3,2,25,2,1,1.982031,21.5,35
10/19/2010 16:29,3,2,25,2,1,1.982031,21.5,34
10/19/2010 16:30,4,2,25,2,1,1.982031,21,34
10/19/2010 16:31,4,2,25,2,1,1.982031,20.5,34
10/19/2010 16:32,3,2,25,2,1,1.941541,20.5,35
10/19/2010 16:33,3,2,25,2,1,1.963576,20,34
10/19/2010 16:34,2,2,25,2,1,1.954495,20,34
10/19/2010 16:35,2,2,25,2,1,1.950915,19.5,34
10/19/2010 16:36,2,2,25,2,1,1.954495,19.5,34
10/19/2010 16:37,2,2,25,2,1,1.963576,19.5,34
10/19/2010 16:38,2,2,25,2,1,2.004631,19,34
10/19/2010 16:39,3,2,25,2,1,1.9770949,19,34
10/19/2010 16:40,3,2,25,2,1,1.963576,19,34
10/19/2010 16:41,3,2,25,2,1,1.963576,18.5,34
10/19/2010 16:42,2,2,25,2,1,1.963576,18.5,34
10/19/2010 16:43,2,2,24.8,2,1,1.963576,18.5,34
10/19/2010 16:44,2,2,24.8,2,1,1.963576,18.5,34
10/19/2010 16:45,2,2,24.8,2,1,1.963576,18,34
10/19/2010 16:46,3,2,24.8,2,1,1.963576,18,34
10/19/2010 16:47,15,2,25,2,1,1.982031,18,34
10/19/2010 16:48,16,2,25.2,2,1,1.97295,18,34
10/19/2010 16:49,17,2,25.2,2,1,1.963576,18,34
10/19/2010 16:50,19,2,25.4,2,1,1.963576,18,35
10/19/2010 16:51,19,2,25.4,2,1,1.945582,18,39
10/19/2010 16:52,19,2,25.4,2,1,1.959996,18,41
10/19/2010 16:53,19,2,25.4,2,1,1.941541,18.5,41
10/19/2010 16:54,19,2,25.4,2,1,1.963576,19,41
10/19/2010 16:55,19,2,25.4,2,1,1.941541,19.5,41
10/19/2010 16:56,19,2,25.4,2,1,1.941541,19.5,40
10/19/2010 16:57,18,2,25.4,2,1,1.963576,20,40
10/19/2010 16:58,17,2,25.4,2,1,1.941541,20.5,39
10/19/2010 16:59,17,2,25.4,2,1,1.950855,20.5,39
10/19/2010 17:00,17,2,25.4,2,1,1.941541,21,38
10/19/2010 17:01,17,2,25.4,2,1,1.959996,21.5,38
10/19/2010 17:02,17,2,25.4,2,1,1.941541,21.5,37
10/19/2010 17:03,17,2,25.4,2,1,1.950855,21.5,35
10/19/2010 17:04,17,2,25.4,2,1,1.963576,21,35
10/19/2010 17:05,15,2,25.4,2,1,1.941541,20.5,35
10/19/2010 17:06,4,2,25.2,2,1,1.982031,20,35
10/19/2010 17:07,2,2,25,2,1,1.93246,20,35
10/19/2010 17:08,11,2,25,2,1,1.93246,19.5,35
10/19/2010 17:09,17,2,25.2,2,1,1.963576,19.5,35
10/19/2010 17:10,16,2,25.2,2,1,1.941541,19,35
10/19/2010 17:11,16,2,25.4,2,1,1.9235469,19,35
10/19/2010 17:12,15,2,25.2,2,1,1.941541,19,35
10/19/2010 17:13,13,2,25.2,2,1,1.9144659,18.5,35
10/19/2010 17:14,14,2,25.2,2,1,1.963576,18.5,35
10/19/2010 17:15,15,2,25.2,2,1,1.902062,18.5,35
10/19/2010 17:16,14,2,25.2,2,1,1.9144659,18,35
10/19/2010 17:17,12,2,25.2,2,1,1.9235469,18,35
10/19/2010 17:18,9,2,25,2,1,1.963576,18,35
10/19/2010 17:19,12,2,25.2,2,1,1.941541,18,35
10/19/2010 17:20,12,2,25.2,2,1,1.941541,18,37
10/19/2010 17:21,11,2,25.2,2,1,1.954495,18,41
10/19/2010 17:22,7,2,25,2,1,1.982031,18.5,42
10/19/2010 17:23,9,2,25,2,1,1.945582,19,42
10/19/2010 17:24,6,2,25,2,1,1.963576,19,42
10/19/2010 17:25,4,2,25,2,1,1.954495,19.5,40
10/19/2010 17:26,5,2,24.8,2,1,1.963576,20,40
10/19/2010 17:27,6,2,24.8,2,1,1.9770949,20.5,39
10/19/2010 17:28,6,2,25,2,1,1.963576,21,38
10/19/2010 17:29,7,2,25,2,1,1.963576,21.5,37
10/19/2010 17:30,7,2,25,2,1,1.982031,21,35
10/19/2010 17:31,7,2,25,2,1,1.97295,21,35
10/19/2010 17:32,7,2,25,2,1,1.982031,20.5,34
10/19/2010 17:33,7,2,25,2,1,1.963576,20.5,34
10/19/2010 17:34,5,2,24.8,2,1,1.945582,20,34
10/19/2010 17:35,4,2,24.8,2,1,2.004631,19.5,34
10/19/2010 17:36,3,2,24.8,2,1,1.963576,19.5,34
10/19/2010 17:37,2,2,24.8,2,1,1.982031,19.5,34
10/19/2010 17:38,2,2,24.8,2,1,2.004631,19,34
10/19/2010 17:39,2,2,24.8,2,1,2.004631,19,34
10/19/2010 17:40,2,2,24.8,2,1,2.004631,18.5,34
10/19/2010 17:41,2,2,24.8,2,1,1.982031,18.5,34
10/19/2010 17:42,1,2,24.8,2,1,1.9861759,18.5,34
10/19/2010 17:43,1,2,24.8,2,1,1.9913449,18.5,34
10/19/2010 17:44,1,2,24.8,2,1,1.9861759,18,34
10/19/2010 17:45,1,2,24.8,2,1,1.963576,18,34
10/19/2010 17:46,1,2,24.8,2,1,1.982031,18,36
10/19/2010 17:47,1,2,24.8,2,1,1.982031,18,40
10/19/2010 17:48,1,2,24.8,2,1,2.004631,18.5,41
10/19/2010 17:49,1,2,24.8,2,1,2.004631,19,41
10/19/2010 17:50,1,2,24.8,2,1,1.963576,19,40
10/19/2010 17:51,1,2,24.8,2,1,2.004631,19.5,39
10/19/2010 17:52,1,2,24.8,2,1,2.004631,20,39
10/19/2010 17:53,1,2,24.8,2,1,2.004631,20,38
10/19/2010 17:54,1,2,24.8,2,1,2.0328739,20.5,37
10/19/2010 17:55,1,2,24.8,2,1,2.02356,20.5,36
10/19/2010 17:56,1,2,24.8,2,1,2.0139449,21,36
10/19/2010 17:57,0,2,24.8,2,1,2.0139449,21.5,35
10/19/2010 17:58,0,2,24.8,2,1,2.02356,21.5,35
10/19/2010 17:59,0,2,24.8,2,1,2.004631,21.5,34
10/19/2010 18:00,0,2,24.8,2,1,1.9913449,21.5,33
10/19/2010 18:01,0,2,24.8,2,1,2.0139449,21,33
10/19/2010 18:02,0,2,24.8,2,1,2.004631,20.5,33
10/19/2010 18:03,0,2,24.8,2,1,2.0139449,20.5,34
10/19/2010 18:04,0,2,24.8,2,1,2.0139449,20,34
10/19/2010 18:05,0,2,24.8,2,1,2.004631,19.5,34
10/19/2010 18:06,0,2,24.8,2,1,1.9913449,19,34
10/19/2010 18:07,0,0,24.8,2,1,1.9913449,19,34
10/19/2010 18:08,0,0,24.8,2,1,1.9861759,18.5,34
10/19/2010 18:09,0,0,24.8,2,1,2.0139449,18.5,34
10/19/2010 18:10,0,0,24.8,2,1,2.004631,18,34
10/19/2010 18:11,0,0,24.8,2,1,2.004631,18,34
10/19/2010 18:12,0,0,24.8,2,1,2.004631,18,34
10/19/2010 18:13,0,0,24.8,2,1,1.963576,18,37
10/19/2010 18:14,0,0,24.8,2,1,1.954495,18,39
10/19/2010 18:15,0,0,24.8,2,1,1.963576,18.5,40
10/19/2010 18:16,0,0,24.8,2,1,1.954495,18.5,39
10/19/2010 18:17,0,0,24.8,2,1,1.954495,19,39
10/19/2010 18:18,0,0,24.8,2,1,1.9861759,19.5,38
10/19/2010 18:19,0,0,24.8,2,1,1.97295,20,37
10/19/2010 18:20,0,0,24.8,2,1,1.968182,20,36
10/19/2010 18:21,0,0,24.8,2,1,1.963576,20.5,35
10/19/2010 18:22,0,0,24.8,2,1,1.963576,20.5,35
10/19/2010 18:23,0,0,24.8,2,1,1.963576,21,35
10/19/2010 18:24,0,0,24.8,2,1,1.954495,21,34
10/19/2010 18:25,0,0,24.8,2,1,2.004631,21.5,34
10/19/2010 18:26,0,0,24.8,2,1,1.9955499,21.5,33
10/19/2010 18:27,0,0,24.8,2,1,1.97295,21.5,33
10/19/2010 18:28,0,0,24.8,2,1,1.97295,21.5,32
10/19/2010 18:29,0,0,24.8,2,1,1.954495,21,32
10/19/2010 18:30,0,0,24.8,2,1,1.9955499,20.5,32
10/19/2010 18:31,0,0,24.8,2,1,1.963576,20.5,32
10/19/2010 18:32,0,0,24.8,2,1,1.97295,19.5,33
10/19/2010 18:33,0,0,24.8,2,1,1.97295,19.5,33
10/19/2010 18:35,0,0,24.8,2,1,1.982031,19,33
10/19/2010 18:36,0,0,24.8,2,1,1.97295,19,33
10/19/2010 18:37,0,0,24.8,2,1,1.982031,18.5,33
10/19/2010 18:38,0,0,24.8,2,1,1.954495,18.5,34
10/19/2010 18:39,0,0,24.8,2,1,1.9861759,18,34
10/19/2010 18:40,0,0,24.8,2,1,1.936501,18,34
10/19/2010 18:41,0,0,24.6,2,1,1.963576,18,38
10/19/2010 18:42,0,0,24.6,2,1,1.97295,18.5,39
10/19/2010 18:43,0,0,24.6,2,1,1.963576,18.5,39
10/19/2010 18:44,0,0,24.6,2,1,1.963576,19,38
10/19/2010 18:45,0,0,24.6,2,1,1.954495,19,37
10/19/2010 18:46,0,0,24.6,2,1,1.954495,19.5,36
10/19/2010 18:47,0,0,24.6,2,1,1.982031,20,35
10/19/2010 18:48,0,0,24.6,2,1,1.9861759,20,35
10/19/2010 18:49,0,0,24.6,2,1,2.004631,20.5,34
10/19/2010 18:50,0,0,24.6,2,1,1.982031,20.5,34
10/19/2010 18:51,0,0,24.6,2,1,1.9955499,21,33
10/19/2010 18:52,0,0,24.6,2,1,1.97295,21,33
10/19/2010 18:53,0,0,24.6,2,1,1.9955499,21.5,32
10/19/2010 18:54,0,0,24.6,2,1,1.9955499,21,32
10/19/2010 18:55,0,0,24.6,2,1,1.97295,20.5,32
10/19/2010 18:56,0,0,24.6,2,1,1.991879,20,32
10/19/2010 18:57,0,0,24.6,2,1,2.004631,19.5,32
10/19/2010 18:58,0,0,24.6,2,1,1.963576,19.5,33
10/19/2010 18:59,0,0,24.6,2,1,1.9770949,19,33
10/19/2010 19:00,0,0,24.6,2,1,1.954495,18.5,33
10/19/2010 19:01,0,0,24.6,2,1,1.982031,18.5,34
10/19/2010 19:02,0,0,24.6,2,1,1.954495,18,34
10/19/2010 19:03,0,0,24.6,2,1,1.954495,18,36
10/19/2010 19:04,0,0,24.6,2,1,1.97295,18,38
10/19/2010 19:05,0,0,24.6,2,1,1.9861759,18.5,38
10/19/2010 19:06,0,0,24.6,2,1,1.982031,18.5,37
10/19/2010 19:07,0,0,24.6,2,1,2.004631,19,36
10/19/2010 19:08,0,0,24.6,2,1,1.982031,19.5,36
10/19/2010 19:09,0,0,24.6,2,1,1.982031,19.5,35
10/19/2010 19:10,0,0,24.6,2,1,1.9955499,20,34
10/19/2010 19:11,0,0,24.6,2,1,1.9955499,20,34
10/19/2010 19:12,0,0,24.6,2,1,2.004631,20.5,33
10/19/2010 19:13,0,0,24.6,2,1,2.004631,20.5,33
10/19/2010 19:14,0,0,24.6,2,1,2.014479,21,33
10/19/2010 19:15,0,0,24.6,2,1,2.004631,21,32
10/19/2010 19:16,0,0,24.6,2,1,1.9955499,21.5,32
10/19/2010 19:17,0,0,24.6,2,1,2.004631,21.5,32
10/19/2010 19:18,0,0,24.6,2,1,2.02356,21.5,31
10/19/2010 19:19,0,0,24.6,2,1,2.02356,21.5,31
10/19/2010 19:20,0,0,24.6,2,1,2.02356,21,31
10/19/2010 19:21,0,0,24.6,2,1,2.004631,20.5,31
10/19/2010 19:22,0,0,24.6,2,1,1.982031,20,32
10/19/2010 19:23,0,0,24.6,2,1,2.004631,19.5,32
10/19/2010 19:24,0,0,24.6,2,1,1.982031,19,32
10/19/2010 19:25,0,0,24.6,2,1,1.954495,19,32
10/19/2010 19:26,0,0,24.6,2,1,2.004631,18.5,33
10/19/2010 19:27,0,0,24.6,2,1,1.963576,18.5,33
10/19/2010 19:28,0,0,24.6,2,1,2.004631,18,35
10/19/2010 19:29,0,0,24.6,2,1,1.982031,18,37
10/19/2010 19:30,0,0,24.6,2,1,2.004631,18.5,37
10/19/2010 19:31,0,0,24.6,2,1,1.9955499,19,36
10/19/2010 19:32,0,0,24.6,2,1,1.9955499,19,35
10/19/2010 19:33,0,0,24.6,2,1,2.02356,19.5,35
10/19/2010 19:34,0,0,24.6,2,1,2.004631,19.5,34
10/19/2010 19:35,0,0,24.6,2,1,2.004631,20,34
10/19/2010 19:36,0,0,24.6,2,1,1.9955499,20,33
10/19/2010 19:37,0,0,24.6,2,1,2.02356,20.5,33
10/19/2010 19:38,0,0,24.6,2,1,2.004631,20.5,32
10/19/2010 19:39,0,0,24.6,2,1,2.004631,21,32
10/19/2010 19:40,0,0,24.6,2,1,2.004631,21,32
10/19/2010 19:41,0,0,24.6,2,1,1.963576,21.5,31
10/19/2010 19:42,0,0,24.6,2,1,2.004631,21.5,31
10/19/2010 19:43,0,0,24.6,2,1,2.004631,21.5,31
10/19/2010 19:44,0,0,24.6,2,1,2.004631,21.5,30
10/19/2010 19:45,0,0,24.6,2,1,2.004631,21,30
10/19/2010 19:46,0,0,24.6,2,1,2.004631,20.5,30
10/19/2010 19:47,0,0,24.6,2,1,2.0139449,20,31
10/19/2010 19:48,0,0,24.6,2,1,2.004631,19.5,31
10/19/2010 19:49,0,0,24.6,2,1,2.004631,19.5,32
10/19/2010 19:50,0,0,24.6,2,1,1.982031,19,32
10/19/2010 19:51,0,0,24.6,2,1,1.982031,18.5,32
10/19/2010 19:52,0,0,24.6,2,1,2.004631,18.5,33
10/19/2010 19:53,0,0,24.6,2,1,2.004631,18.5,36
10/19/2010 19:54,0,0,24.6,2,1,2.004631,18.5,36
10/19/2010 19:55,0,0,24.6,2,1,2.004631,19,36
10/19/2010 19:56,0,0,24.6,2,1,2.004631,19,35
10/19/2010 19:57,0,0,24.6,2,1,2.004631,19.5,34
10/19/2010 19:58,0,0,24.6,2,1,2.02356,19.5,34
10/19/2010 19:59,0,0,24.6,2,1,2.004631,19.5,33
10/19/2010 20:00,0,0,24.6,2,1,2.02356,20,33
10/19/2010 20:01,0,0,24.6,2,1,2.02356,20.5,32
10/19/2010 20:02,0,0,24.6,2,1,2.02356,20.5,32
10/19/2010 20:03,0,0,24.6,2,1,2.0139449,21,32
10/19/2010 20:04,0,0,24.6,2,1,2.02356,21,31
10/19/2010 20:05,0,0,24.6,2,1,2.02356,21,31
10/19/2010 20:06,0,0,24.6,2,1,2.02356,21.5,30
10/19/2010 20:07,0,0,24.6,2,1,2.02356,21.5,30
10/19/2010 20:08,0,0,24.6,2,1,2.0328739,21.5,30
10/19/2010 20:09,0,0,24.6,2,1,2.0328739,22,30
10/19/2010 20:10,0,0,24.6,2,1,2.02356,21.5,30
10/19/2010 20:11,0,0,24.6,2,1,2.004631,21,30
10/19/2010 20:13,0,0,24.6,2,1,2.004631,20.5,30
10/19/2010 20:14,0,0,24.6,2,1,2.004631,20,31
10/19/2010 20:15,0,0,24.6,2,1,1.9913449,19.5,31
10/19/2010 20:16,0,0,24.6,2,1,1.9954898,19.5,31
10/19/2010 20:17,0,0,24.6,2,1,1.9861759,19,32
10/19/2010 20:18,0,0,24.6,2,1,2.004631,18.5,32
10/19/2010 20:19,0,0,24.6,2,1,2.0139449,18,33
10/19/2010 20:20,0,0,24.6,2,1,2.004631,18,36
10/19/2010 20:21,0,0,24.6,2,1,2.004631,18.5,36
10/19/2010 20:22,0,0,24.6,2,1,2.004631,18.5,35
10/19/2010 20:23,0,0,24.4,2,1,2.02356,19,35
10/19/2010 20:24,0,0,24.4,2,1,2.0328739,19,34
10/19/2010 20:25,0,0,24.4,2,1,2.02356,19.5,34
10/19/2010 20:26,0,0,24.4,2,1,2.004631,20,34
10/19/2010 20:27,0,0,24.4,2,1,2.004631,20,33
10/19/2010 20:28,0,0,24.4,2,1,2.02356,20,32
10/19/2010 20:29,0,0,24.4,2,1,2.004631,20,32
10/19/2010 20:30,0,0,24.4,2,1,2.0328739,20.5,32
10/19/2010 20:31,0,0,24.4,2,1,2.004631,21,31
10/19/2010 20:32,0,0,24.4,2,1,2.02356,21,31
10/19/2010 20:33,0,0,24.4,2,1,2.02356,21.5,31
10/19/2010 20:34,0,0,24.4,2,1,2.02356,21.5,30
10/19/2010 20:35,0,0,24.4,2,1,2.0139449,21.5,30
10/19/2010 20:36,0,0,24.4,2,1,2.004631,21.5,30
10/19/2010 20:37,0,0,24.4,2,1,2.004631,21.5,30
10/19/2010 20:38,0,0,24.4,2,1,2.004631,21.5,30
10/19/2010 20:39,0,0,24.4,2,1,2.004631,21,30
10/19/2010 20:40,0,0,24.4,2,1,2.004631,20.5,30
10/19/2010 20:41,0,0,24.4,2,1,2.004631,20,30
10/19/2010 20:42,0,0,24.4,2,1,2.0139449,19.5,31
10/19/2010 20:43,0,0,24.4,2,1,2.004631,19,31
10/19/2010 20:44,0,0,24.4,2,1,2.004631,19,32
10/19/2010 20:45,0,0,24.4,2,1,2.0139449,18.5,32
10/19/2010 20:46,0,0,24.4,2,1,2.0139449,18.5,34
10/19/2010 20:47,0,0,24.4,2,1,2.056055,18.5,36
10/19/2010 20:48,0,0,24.4,2,1,2.0328739,18.5,36
10/19/2010 20:49,0,0,24.4,2,1,2.0139449,19,35
10/19/2010 20:50,0,0,24.4,2,1,2.004631,19,34
10/19/2010 20:51,0,0,24.4,2,1,2.004631,19.5,34
10/19/2010 20:52,0,0,24.4,2,1,1.982031,19.5,33
10/19/2010 20:53,0,0,24.4,2,1,1.982031,20,33
10/19/2010 20:54,0,0,24.4,2,1,1.9861759,20.5,32
10/19/2010 20:55,0,0,24.4,2,1,2.004631,20.5,32
10/19/2010 20:56,0,0,24.4,2,1,2.004631,20.5,32
10/19/2010 20:57,0,0,24.4,2,1,2.004631,21,31
10/19/2010 20:58,0,0,24.4,2,1,2.004631,21,31
10/19/2010 20:59,0,0,24.4,2,1,1.982031,21,31
10/19/2010 21:00,0,0,24.4,2,1,1.9955499,21.5,30
10/19/2010 21:01,0,0,24.4,2,1,1.982031,21.5,30
10/19/2010 21:02,0,0,24.4,2,1,1.963576,21.5,30
10/19/2010 21:03,0,0,24.4,2,1,1.963576,21.5,30
10/19/2010 21:04,0,0,24.4,2,1,1.982031,22,30
10/19/2010 21:05,0,0,24.4,2,1,2.004631,22,29
10/19/2010 21:06,0,0,24.4,2,1,1.9861759,21.5,29
10/19/2010 21:07,0,0,24.4,2,1,2.004631,21,30
10/19/2010 21:08,0,0,24.4,2,1,2.004631,20.5,30
10/19/2010 21:09,0,0,24.4,2,1,1.97295,20,31
10/19/2010 21:10,0,0,24.4,2,1,1.982031,19.5,31
10/19/2010 21:11,0,0,24.4,2,1,2.004631,19,32
10/19/2010 21:12,0,0,24.4,2,1,1.9861759,18.5,32
10/19/2010 21:13,0,0,24.4,2,1,2.004631,18.5,32
10/19/2010 21:14,0,0,24.4,2,1,2.004631,18,33
10/19/2010 21:15,0,0,24.4,2,1,2.004631,18.5,36
10/19/2010 21:16,0,0,24.4,2,1,1.9955499,18.5,36
10/19/2010 21:17,0,0,24.4,2,1,2.004631,19,35
10/19/2010 21:18,0,0,24.4,2,1,2.004631,19,34
10/19/2010 21:19,0,0,24.4,2,1,2.004631,19.5,34
10/19/2010 21:20,0,0,24.4,2,1,2.004631,19.5,34
10/19/2010 21:21,0,0,24.4,2,1,2.004631,20,33
10/19/2010 21:22,0,0,24.4,2,1,2.004631,20,32
10/19/2010 21:23,0,0,24.4,2,1,2.004631,20.5,32
10/19/2010 21:24,0,0,24.4,2,1,1.9955499,20.5,32
10/19/2010 21:25,0,0,24.4,2,1,2.004631,20.5,31
10/19/2010 21:26,0,0,24.4,2,1,1.982031,21,31
10/19/2010 21:27,0,0,24.4,2,1,2.004631,21,31
10/19/2010 21:28,0,0,24.4,2,1,2.004631,21,31
10/19/2010 21:29,0,0,24.4,2,1,2.004631,21.5,30
10/19/2010 21:30,0,0,24.4,2,1,1.963576,21.5,30
10/19/2010 21:31,0,0,24.4,2,1,1.982031,21.5,30
10/19/2010 21:32,0,0,24.4,2,1,1.9955499,21.5,30
10/19/2010 21:33,0,0,24.4,2,1,1.954495,21,30
10/19/2010 21:34,0,0,24.4,2,1,1.9955499,20.5,30
10/19/2010 21:35,0,0,24.4,2,1,1.9861759,19.5,31
10/19/2010 21:36,0,0,24.4,2,1,1.963576,19.5,31
10/19/2010 21:37,0,0,24.4,2,1,1.982031,19,32
10/19/2010 21:38,0,0,24.4,2,1,2.004631,18.5,32
10/19/2010 21:39,0,0,24.4,2,1,1.982031,18.5,33
10/19/2010 21:40,0,0,24.4,2,1,2.004631,18,34
10/19/2010 21:41,0,0,24.4,2,1,1.963576,18,36
10/19/2010 21:42,0,0,24.4,2,1,2.004631,18.5,36
10/19/2010 21:43,0,0,24.4,2,1,1.9955499,18.5,36
10/19/2010 21:44,0,0,24.4,2,1,1.9861759,19,35
10/19/2010 21:45,0,0,24.4,2,1,2.004631,19,34
10/19/2010 21:46,0,0,24.4,2,1,2.004631,19.5,34
10/19/2010 21:47,0,0,24.4,2,1,1.9955499,19.5,34
10/19/2010 21:48,0,0,24.4,2,1,2.02356,20,33
10/19/2010 21:49,0,0,24.4,2,1,2.004631,20.5,33
10/19/2010 21:50,0,0,24.4,2,1,2.02356,20.5,32
10/19/2010 21:51,0,0,24.4,2,1,2.004631,20.5,32
10/19/2010 21:52,0,0,24.4,2,1,1.982031,21,32
10/19/2010 21:53,0,0,24.4,2,1,2.004631,21,31
10/19/2010 21:54,0,0,24.4,2,1,1.9861759,21.5,31
10/19/2010 21:55,0,0,24.4,2,1,1.9861759,21.5,31
10/19/2010 21:56,0,0,24.4,2,1,2.004631,21.5,30
10/19/2010 21:57,0,0,24.4,2,1,1.9861759,21.5,30
10/19/2010 21:58,0,0,24.4,2,1,1.97295,21,30
10/19/2010 21:59,0,0,24.4,2,1,1.963576,20.5,30
10/19/2010 22:00,0,0,24.4,2,1,2.004631,20,31
10/19/2010 22:01,0,0,24.4,2,1,2.004631,19.5,31
10/19/2010 22:02,0,0,24.4,2,1,2.004631,19,32
10/19/2010 22:03,0,0,24.4,2,1,2.004631,19,32
10/19/2010 22:04,0,0,24.4,2,1,1.9955499,18.5,32
10/19/2010 22:05,0,0,24.4,2,1,2.02356,18.5,33
10/19/2010 22:06,0,0,24.4,2,1,2.004631,18,33
10/19/2010 22:07,0,0,24.4,2,1,2.027812,18,34
10/19/2010 22:08,0,0,24.2,2,1,1.982031,18,37
10/19/2010 22:09,0,0,24.2,2,1,2.004631,18,37
10/19/2010 22:10,0,0,24.2,2,1,2.004631,18.5,37
10/19/2010 22:11,0,0,24.2,2,1,2.02356,19,36
10/19/2010 22:12,0,0,24.2,2,1,2.014479,19,35
10/19/2010 22:13,0,0,24.2,2,1,2.004631,19.5,35
10/19/2010 22:14,0,0,24.2,2,1,2.004631,19.5,34
10/19/2010 22:15,0,0,24.2,2,1,2.037126,20,34
10/19/2010 22:16,0,0,24.2,2,1,1.9861759,20,33
10/19/2010 22:17,0,0,24.2,2,1,2.004631,20.5,33
10/19/2010 22:18,0,0,24.2,2,1,2.004631,20.5,32
10/19/2010 22:19,0,0,24.2,2,1,2.004631,21,33
10/19/2010 22:20,0,0,24.2,2,1,2.0328739,21,32
10/19/2010 22:21,0,0,24.2,2,1,2.056055,21,32
10/19/2010 22:22,0,0,24.2,2,1,2.046741,21.5,31
10/19/2010 22:23,0,0,24.2,2,1,2.004631,21,31
10/19/2010 22:24,0,0,24.2,2,1,2.004631,20.5,31
10/19/2010 22:25,0,0,24.2,2,1,2.046741,20,31
10/19/2010 22:26,0,0,24.2,2,1,2.02356,19.5,32
10/19/2010 22:27,0,0,24.2,2,1,2.027812,19,32
10/19/2010 22:28,0,0,24.2,2,1,2.027812,19,33
10/19/2010 22:29,0,0,24.2,2,1,2.046741,18.5,33
10/19/2010 22:30,0,0,24.2,2,1,2.027812,18.5,33
10/19/2010 22:31,0,0,24.2,2,1,2.027812,18,34
10/19/2010 22:32,0,0,24.2,2,1,2.004631,18,36
10/19/2010 22:33,0,0,24.2,2,1,2.046741,18,38
10/19/2010 22:34,0,0,24.2,2,1,2.004631,18.5,37
10/19/2010 22:35,0,0,24.2,2,1,2.027812,18.5,36
10/19/2010 22:36,0,0,24.2,2,1,2.027812,19,36
10/19/2010 22:37,0,0,24.2,2,1,2.0139449,19,35
10/19/2010 22:38,0,0,24.2,2,1,2.0139449,19.5,34
10/19/2010 22:39,0,0,24.2,2,1,2.004631,20,34
10/19/2010 22:40,0,0,24.2,2,1,2.004631,20,34
10/19/2010 22:41,0,0,24.2,2,1,1.9861759,20.5,33
10/19/2010 22:42,0,0,24.2,2,1,2.0139449,20.5,33
10/19/2010 22:43,0,0,24.2,2,1,2.004631,21,32
10/19/2010 22:44,0,0,24.2,2,1,1.9861759,21,32
10/19/2010 22:45,0,0,24.2,2,1,2.02356,21,32
10/19/2010 22:47,0,0,24.2,2,1,2.004631,20.5,31
10/19/2010 22:48,0,0,24.2,2,1,2.027812,20,32
10/19/2010 22:49,0,0,24.2,2,1,2.0328739,19.5,32
10/19/2010 22:50,0,0,24.2,2,1,2.004631,19,33
10/19/2010 22:51,0,0,24.2,2,1,2.046741,19,33
10/19/2010 22:52,0,0,24.2,2,1,2.027812,18.5,33
10/19/2010 22:53,0,0,24.2,2,1,2.046741,18.5,34
10/19/2010 22:54,0,0,24.2,2,1,2.046741,18,34
10/19/2010 22:55,0,0,24.2,2,1,2.046741,18,37
10/19/2010 22:56,0,0,24.2,2,1,2.027812,18,38
10/19/2010 22:57,0,0,24.2,2,1,2.037126,18.5,38
10/19/2010 22:58,0,0,24.2,2,1,2.046741,18.5,37
10/19/2010 22:59,0,0,24.2,2,1,2.046741,19,36
10/19/2010 23:00,0,0,24.2,2,1,2.027812,19,35
10/19/2010 23:01,0,0,24.2,2,1,2.056055,19.5,35
10/19/2010 23:02,0,0,24.2,2,1,2.0139449,19.5,34
10/19/2010 23:03,0,0,24.2,2,1,2.037126,20,34
10/19/2010 23:04,0,0,24.2,2,1,2.004631,20,34
10/19/2010 23:05,0,0,24.2,2,1,2.046741,20.5,33
10/19/2010 23:06,0,0,24.2,2,1,2.0139449,20.5,33
10/19/2010 23:07,0,0,24.2,2,1,2.0139449,21,32
10/19/2010 23:08,0,0,24.2,2,1,2.0139449,21,32
10/19/2010 23:09,0,0,24.2,2,1,2.0139449,21,32
10/19/2010 23:10,0,0,24.2,2,1,2.0139449,21,31
10/19/2010 23:11,0,0,24.2,2,1,2.037126,20.5,32
10/19/2010 23:12,0,0,24.2,2,1,2.056055,19.5,32
10/19/2010 23:13,0,0,24.2,2,1,2.056055,19,33
10/19/2010 23:14,0,0,24.2,2,1,2.046741,19,33
10/19/2010 23:15,0,0,24.2,2,1,2.046741,18.5,33
10/19/2010 23:16,0,0,24.2,2,1,2.056055,18.5,34
10/19/2010 23:17,0,0,24.2,2,1,2.046741,18,34
10/19/2010 23:18,0,0,24.2,2,1,2.056055,18,37
10/19/2010 23:19,0,0,24.2,2,1,2.056055,18,38
10/19/2010 23:20,0,0,24.2,2,1,2.056055,18.5,37
10/19/2010 23:21,0,0,24.2,2,1,2.056055,19,37
10/19/2010 23:22,0,0,24.2,2,1,2.027812,19,36
10/19/2010 23:23,0,0,24.2,2,1,2.0139449,19,35
10/19/2010 23:24,0,0,24.2,2,1,2.004631,19.5,34
10/19/2010 23:25,0,0,24.2,2,1,2.004631,20,34
10/19/2010 23:26,0,0,24.2,2,1,2.027812,20,34
10/19/2010 23:27,0,0,24.2,2,1,2.027812,20,33
10/19/2010 23:28,0,0,24.2,2,1,2.004631,20.5,33
10/19/2010 23:29,0,0,24.2,2,1,2.004631,20.5,33
10/19/2010 23:30,0,0,24.2,2,1,1.9861759,20.5,32
10/19/2010 23:31,0,0,24.2,2,1,1.9861759,21,32
10/19/2010 23:32,0,0,24.2,2,1,1.982031,21.5,32
10/19/2010 23:33,0,0,24.2,2,1,2.004631,21.5,32
10/19/2010 23:34,0,0,24.2,2,1,1.982031,21.5,31
10/19/2010 23:35,0,0,24.2,2,1,1.9770949,21.5,31
10/19/2010 23:36,0,0,24.2,2,1,2.027812,21.5,31
10/19/2010 23:37,0,0,24.2,2,1,2.014479,21.5,30
10/19/2010 23:38,0,0,24.2,2,1,1.9955499,21,30
10/19/2010 23:39,0,0,24.2,2,1,2.0376601,20.5,31
10/19/2010 23:40,0,0,24.2,2,1,2.004631,20,32
10/19/2010 23:41,0,0,24,2,1,2.004631,19.5,32
10/19/2010 23:42,0,0,24,2,1,2.027812,19,32
10/19/2010 23:43,0,0,24,2,1,2.004631,18.5,33
10/19/2010 23:44,0,0,24,2,1,2.004631,18.5,33
10/19/2010 23:45,0,0,24,2,1,2.004631,18,34
10/19/2010 23:46,0,0,24,2,1,1.9861759,18,37
10/19/2010 23:47,0,0,24,2,1,2.027812,18.5,38
10/19/2010 23:48,0,0,24,2,1,2.046741,18.5,37
10/19/2010 23:49,0,0,24,2,1,2.004631,19,37
10/19/2010 23:50,0,0,24,2,1,2.004631,19,36
10/19/2010 23:51,0,0,24,2,1,1.9861759,19.5,36
10/19/2010 23:52,0,0,24,2,1,2.018731,19.5,35
10/19/2010 23:53,0,0,24,2,1,2.004631,20,35
10/19/2010 23:54,0,0,24,2,1,2.004631,20,34
10/19/2010 23:55,0,0,24,2,1,2.004631,20.5,34
10/19/2010 23:56,0,0,24,2,1,2.004631,20.5,33
10/19/2010 23:57,0,0,24,2,1,2.004631,20.5,33
10/19/2010 23:58,0,0,24,2,1,2.004631,21,32
10/19/2010 23:59,0,0,24,2,1,2.004631,21,33